date,mois,mois_n
2024-09-01,Septembre,9
2024-09-02,Septembre,9
2024-09-03,Septembre,9
2024-09-04,Septembre,9
2024-09-05,Septembre,9
2024-09-06,Septembre,9
2024-09-07,Septembre,9
2024-09-08,Septembre,9
2024-09-09,Septembre,9
2024-09-10,Septembre,9
2024-09-11,Septembre,9
2024-09-12,Septembre,9
2024-09-13,Septembre,9
2024-09-14,Septembre,9
2024-09-15,Septembre,9
2024-09-16,Septembre,9
2024-09-17,Septembre,9
2024-09-18,Septembre,9
2024-09-19,Septembre,9
2024-09-20,Septembre,9
2024-09-21,Septembre,9
2024-09-22,Septembre,9
2024-09-23,Septembre,9
2024-09-24,Septembre,9
2024-09-25,Septembre,9
2024-09-26,Septembre,9
2024-09-27,Septembre,9
2024-09-28,Septembre,9
2024-09-29,Septembre,9
2024-09-30,Septembre,9
2024-10-01,Octobre,10
2024-10-02,Octobre,10
2024-10-03,Octobre,10
2024-10-04,Octobre,10
2024-10-05,Octobre,10
2024-10-06,Octobre,10
2024-10-07,Octobre,10
2024-10-08,Octobre,10
2024-10-09,Octobre,10
2024-10-10,Octobre,10
2024-10-11,Octobre,10
2024-10-12,Octobre,10
2024-10-13,Octobre,10
2024-10-14,Octobre,10
2024-10-15,Octobre,10
2024-10-16,Octobre,10
2024-10-17,Octobre,10
2024-10-18,Octobre,10
2024-10-19,Octobre,10
2024-10-20,Octobre,10
2024-10-21,Octobre,10
2024-10-22,Octobre,10
2024-10-23,Octobre,10
2024-10-24,Octobre,10
2024-10-25,Octobre,10
2024-10-26,Octobre,10
2024-10-27,Octobre,10
2024-10-28,Octobre,10
2024-10-29,Octobre,10
2024-10-30,Octobre,10
2024-10-31,Octobre,10
2024-11-01,Novembre,11
2024-11-02,Novembre,11
2024-11-03,Novembre,11
2024-11-04,Novembre,11
2024-11-05,Novembre,11
2024-11-06,Novembre,11
2024-11-07,Novembre,11
2024-11-08,Novembre,11
2024-11-09,Novembre,11
2024-11-10,Novembre,11
2024-11-11,Novembre,11
2024-11-12,Novembre,11
2024-11-13,Novembre,11
2024-11-14,Novembre,11
2024-11-15,Novembre,11
2024-11-16,Novembre,11
2024-11-17,Novembre,11
2024-11-18,Novembre,11
2024-11-19,Novembre,11
2024-11-20,Novembre,11
2024-11-21,Novembre,11
2024-11-22,Novembre,11
2024-11-23,Novembre,11
2024-11-24,Novembre,11
2024-11-25,Novembre,11
2024-11-26,Novembre,11
2024-11-27,Novembre,11
2024-11-28,Novembre,11
2024-11-29,Novembre,11
2024-11-30,Novembre,11
2024-12-01,Décembre,12
2024-12-02,Décembre,12
2024-12-03,Décembre,12
2024-12-04,Décembre,12
2024-12-05,Décembre,12
2024-12-06,Décembre,12
2024-12-07,Décembre,12
2024-12-08,Décembre,12
2024-12-09,Décembre,12
2024-12-10,Décembre,12
2024-12-11,Décembre,12
2024-12-12,Décembre,12
2024-12-13,Décembre,12
2024-12-14,Décembre,12
2024-12-15,Décembre,12
2024-12-16,Décembre,12
2024-12-17,Décembre,12
2024-12-18,Décembre,12
2024-12-19,Décembre,12
2024-12-20,Décembre,12
2024-12-21,Décembre,12
2024-12-22,Décembre,12
2024-12-23,Décembre,12
2024-12-24,Décembre,12
2024-12-25,Décembre,12
2024-12-26,Décembre,12
2024-12-27,Décembre,12
2024-12-28,Décembre,12
2024-12-29,Décembre,12
2024-12-30,Décembre,12
2024-12-31,Décembre,12
2025-01-01,Janvier,1
2025-01-02,Janvier,1
2025-01-03,Janvier,1
2025-01-04,Janvier,1
2025-01-05,Janvier,1
2025-01-06,Janvier,1
2025-01-07,Janvier,1
2025-01-08,Janvier,1
2025-01-09,Janvier,1
2025-01-10,Janvier,1
2025-01-11,Janvier,1
2025-01-12,Janvier,1
2025-01-13,Janvier,1
2025-01-14,Janvier,1
2025-01-15,Janvier,1
2025-01-16,Janvier,1
2025-01-17,Janvier,1
2025-01-18,Janvier,1
2025-01-19,Janvier,1
2025-01-20,Janvier,1
2025-01-21,Janvier,1
2025-01-22,Janvier,1
2025-01-23,Janvier,1
2025-01-24,Janvier,1
2025-01-25,Janvier,1
2025-01-26,Janvier,1
2025-01-27,Janvier,1
2025-01-28,Janvier,1
2025-01-29,Janvier,1
2025-01-30,Janvier,1
2025-01-31,Janvier,1
2025-02-01,Février,2
2025-02-02,Février,2
2025-02-03,Février,2
2025-02-04,Février,2
2025-02-05,Février,2
2025-02-06,Février,2
2025-02-07,Février,2
2025-02-08,Février,2
2025-02-09,Février,2
2025-02-10,Février,2
2025-02-11,Février,2
2025-02-12,Février,2
2025-02-13,Février,2
2025-02-14,Février,2
2025-02-15,Février,2
2025-02-16,Février,2
2025-02-17,Février,2
2025-02-18,Février,2
2025-02-19,Février,2
2025-02-20,Février,2
2025-02-21,Février,2
2025-02-22,Février,2
2025-02-23,Février,2
2025-02-24,Février,2
2025-02-25,Février,2
2025-02-26,Février,2
2025-02-27,Février,2
2025-02-28,Février,2
2025-03-01,Mars,3
2025-03-02,Mars,3
2025-03-03,Mars,3
2025-03-04,Mars,3
2025-03-05,Mars,3
2025-03-06,Mars,3
2025-03-07,Mars,3
2025-03-08,Mars,3
2025-03-09,Mars,3
2025-03-10,Mars,3
2025-03-11,Mars,3
2025-03-12,Mars,3
2025-03-13,Mars,3
2025-03-14,Mars,3
2025-03-15,Mars,3
2025-03-16,Mars,3
2025-03-17,Mars,3
2025-03-18,Mars,3
2025-03-19,Mars,3
2025-03-20,Mars,3
2025-03-21,Mars,3
2025-03-22,Mars,3
2025-03-23,Mars,3
2025-03-24,Mars,3
2025-03-25,Mars,3
2025-03-26,Mars,3
2025-03-27,Mars,3
2025-03-28,Mars,3
2025-03-29,Mars,3
2025-03-30,Mars,3
2025-03-31,Mars,3
2025-04-01,Avril,4
2025-04-02,Avril,4
2025-04-03,Avril,4
2025-04-04,Avril,4
2025-04-05,Avril,4
2025-04-06,Avril,4
2025-04-07,Avril,4
2025-04-08,Avril,4
2025-04-09,Avril,4
2025-04-10,Avril,4
2025-04-11,Avril,4
2025-04-12,Avril,4
2025-04-13,Avril,4
2025-04-14,Avril,4
2025-04-15,Avril,4
2025-04-16,Avril,4
2025-04-17,Avril,4
2025-04-18,Avril,4
2025-04-19,Avril,4
2025-04-20,Avril,4
2025-04-21,Avril,4
2025-04-22,Avril,4
2025-04-23,Avril,4
2025-04-24,Avril,4
2025-04-25,Avril,4
2025-04-26,Avril,4
2025-04-27,Avril,4
2025-04-28,Avril,4
2025-04-29,Avril,4
2025-04-30,Avril,4
2025-05-01,Mai,5
2025-05-02,Mai,5
2025-05-03,Mai,5
2025-05-04,Mai,5
2025-05-05,Mai,5
2025-05-06,Mai,5
2025-05-07,Mai,5
2025-05-08,Mai,5
2025-05-09,Mai,5
2025-05-10,Mai,5
2025-05-11,Mai,5
2025-05-12,Mai,5
2025-05-13,Mai,5
2025-05-14,Mai,5
2025-05-15,Mai,5
2025-05-16,Mai,5
2025-05-17,Mai,5
2025-05-18,Mai,5
2025-05-19,Mai,5
2025-05-20,Mai,5
2025-05-21,Mai,5
2025-05-22,Mai,5
2025-05-23,Mai,5
2025-05-24,Mai,5
2025-05-25,Mai,5
2025-05-26,Mai,5
2025-05-27,Mai,5
2025-05-28,Mai,5
2025-05-29,Mai,5
2025-05-30,Mai,5
2025-05-31,Mai,5
2025-06-01,Juin,6
2025-06-02,Juin,6
2025-06-03,Juin,6
2025-06-04,Juin,6
2025-06-05,Juin,6
2025-06-06,Juin,6
2025-06-07,Juin,6
2025-06-08,Juin,6
2025-06-09,Juin,6
2025-06-10,Juin,6
2025-06-11,Juin,6
2025-06-12,Juin,6
2025-06-13,Juin,6
2025-06-14,Juin,6
2025-06-15,Juin,6
2025-06-16,Juin,6
2025-06-17,Juin,6
2025-06-18,Juin,6
2025-06-19,Juin,6
2025-06-20,Juin,6
2025-06-21,Juin,6
2025-06-22,Juin,6
2025-06-23,Juin,6
2025-06-24,Juin,6
2025-06-25,Juin,6
2025-06-26,Juin,6
2025-06-27,Juin,6
2025-06-28,Juin,6
2025-06-29,Juin,6
2025-06-30,Juin,6
