stage_id,etudiant_id,entreprise_id,stage_ann,stage_type
1,2001,24,2025,PP
2,2002,51,2025,PP
3,2003,4,2025,PP
4,2004,51,2025,PP
5,2005,5,2025,PP
6,2006,5,2025,PP
7,2007,43,2025,PP
8,2008,51,2025,PP
9,2009,4,2025,PP
10,2010,31,2025,PP
11,2011,4,2025,PP
12,2012,31,2025,PP
13,2013,4,2025,PP
14,2014,31,2025,PP
15,2015,51,2025,PP
16,2016,51,2025,PP
17,2017,31,2025,PP
18,2018,2,2025,PP
19,2019,51,2025,PP
20,2020,4,2025,PP
21,2021,51,2025,PP
22,2022,29,2025,PP
23,2023,29,2025,PP
24,2024,47,2025,PP
25,2025,42,2025,PP
26,2026,33,2025,PP
27,2027,31,2025,PP
28,2028,12,2025,PP
29,2029,51,2025,PP
30,2030,24,2025,PP
31,2031,31,2025,PP
32,2032,51,2025,PP
33,2033,7,2025,PP
34,2034,24,2025,PP
35,2035,51,2025,PP
36,2036,51,2025,PP
37,2037,4,2025,PP
38,2038,31,2025,PP
39,2039,51,2025,PP
40,2040,36,2025,PP
41,2041,45,2025,PP
42,2042,51,2025,PP
43,2043,4,2025,PP
44,2044,51,2025,PP
45,2045,51,2025,PP
46,2046,31,2025,PP
47,2047,31,2025,PP
48,2048,34,2025,PP
49,2049,4,2025,PP
50,2050,14,2025,PP
51,2051,31,2025,PP
52,2052,51,2025,PP
53,2053,50,2025,PP
54,2054,8,2025,PP
55,2055,12,2025,PP
56,2056,51,2025,PP
57,2057,51,2025,PP
58,2058,8,2025,PP
59,2059,31,2025,PP
60,2060,19,2025,PP
61,2061,19,2025,PP
62,2062,51,2025,PP
63,2063,51,2025,PP
64,2064,51,2025,PP
65,2065,31,2025,PP
66,2066,51,2025,PP
67,2067,13,2025,PP
68,2068,51,2025,PP
69,2069,17,2025,PP
70,2070,4,2025,PP
71,2071,4,2025,PP
72,2072,50,2025,PP
73,2073,51,2025,PP
74,2074,16,2025,PP
75,2075,51,2025,PP
76,2076,4,2025,PP
77,2077,4,2025,PP
78,2078,51,2025,PP
79,2079,13,2025,PP
80,2080,27,2025,PP
81,2081,4,2025,PP
82,2082,51,2025,PP
83,2083,51,2025,PP
84,2084,31,2025,PP
85,2085,48,2025,PP
86,2086,47,2025,PP
87,2087,4,2025,PP
88,2088,4,2025,PP
89,2089,51,2025,PP
90,2090,31,2025,PP
91,2091,6,2025,PP
92,2092,51,2025,PP
93,2093,31,2025,PP
94,2094,1,2025,PP
95,2095,31,2025,PP
96,2096,7,2025,PP
97,2097,25,2025,PP
98,2098,48,2025,PP
99,2099,51,2025,PP
100,2100,51,2025,PP
101,2101,51,2025,PP
102,2102,4,2025,PP
103,2103,51,2025,PP
104,2104,4,2025,PP
105,2105,31,2025,PP
106,2106,38,2025,PP
107,2107,51,2025,PP
108,2108,51,2025,PP
109,2109,28,2025,PP
110,2110,32,2025,PP
111,2111,24,2025,PP
112,2112,31,2025,PP
113,2113,17,2025,PP
114,2114,51,2025,PP
115,2115,31,2025,PP
116,2116,42,2025,PP
117,2117,29,2025,PP
118,2118,4,2025,PP
119,2119,31,2025,PP
120,2120,51,2025,PP
121,2121,51,2025,PP
122,2122,31,2025,PP
123,2123,51,2025,PP
124,2124,9,2025,PP
125,2125,4,2025,PP
126,2126,31,2025,PP
127,2127,31,2025,PP
128,2128,25,2025,PP
129,2129,19,2025,PP
130,2130,31,2025,PP
131,2131,46,2025,PP
132,2132,10,2025,PP
133,2133,31,2025,PP
134,2134,51,2025,PP
135,2135,49,2025,PP
136,2136,2,2025,PP
137,2137,23,2025,PP
138,2138,23,2025,PP
139,2139,4,2025,PP
140,2140,24,2025,PP
141,2141,51,2025,PP
142,2142,51,2025,PP
143,2143,1,2025,PP
144,2144,51,2025,PP
145,2145,45,2025,PP
146,2146,51,2025,PP
147,2147,27,2025,PP
148,2148,51,2025,PP
149,2149,51,2025,PP
150,2150,31,2025,PP
151,2151,31,2025,PP
152,2152,51,2025,PP
153,2153,51,2025,PP
154,2154,51,2025,PP
155,2155,48,2025,PP
156,2156,28,2025,PP
157,2157,51,2025,PP
158,2158,50,2025,PP
159,2159,41,2025,PP
160,2160,31,2025,PP
161,2161,51,2025,PP
162,2162,38,2025,PP
163,2163,20,2025,PP
164,2164,45,2025,PP
165,2165,51,2025,PP
166,2166,4,2025,PP
167,2167,31,2025,PP
168,2168,51,2025,PP
169,2169,46,2025,PP
170,2170,51,2025,PP
171,2171,31,2025,PP
172,2172,51,2025,PP
173,2173,31,2025,PP
174,2174,4,2025,PP
175,2175,12,2025,PP
176,2176,50,2025,PP
177,2177,51,2025,PP
178,2178,51,2025,PP
179,2179,31,2025,PP
180,2180,38,2025,PP
181,2181,31,2025,PP
182,2182,31,2025,PP
183,2183,31,2025,PP
184,2184,13,2025,PP
185,2185,51,2025,PP
186,2186,43,2025,PP
187,2187,45,2025,PP
188,2188,51,2025,PP
189,2189,46,2025,PP
190,2190,3,2025,PP
191,2191,24,2025,PP
192,2192,51,2025,PP
193,2193,51,2025,PP
194,2194,9,2025,PP
195,2195,8,2025,PP
196,2196,24,2025,PP
197,2197,2,2025,PP
198,2198,51,2025,PP
199,2199,51,2025,PP
200,2200,50,2025,PP
201,2201,51,2025,PP
202,2202,4,2025,PP
203,2203,34,2025,PP
204,2204,51,2025,PP
205,2205,4,2025,PP
206,2206,51,2025,PP
207,2207,51,2025,PP
208,2208,14,2025,PP
209,2209,30,2025,PP
210,2210,51,2025,PP
211,2211,43,2025,PP
212,2212,13,2025,PP
213,2213,31,2025,PP
214,2214,51,2025,PP
215,2215,36,2025,PP
216,2216,22,2025,PP
217,2217,8,2025,PP
218,2218,31,2025,PP
219,2219,15,2025,PP
220,2220,14,2025,PP
221,2221,51,2025,PP
222,2222,18,2025,PP
223,2223,51,2025,PP
224,2224,51,2025,PP
225,2225,4,2025,PP
226,2226,49,2025,PP
227,2227,51,2025,PP
228,2228,20,2025,PP
229,2229,45,2025,PP
230,2230,24,2025,PP
231,2231,51,2025,PP
232,2232,51,2025,PP
233,2233,6,2025,PP
234,2234,51,2025,PP
235,2235,46,2025,PP
236,2236,12,2025,PP
237,2237,31,2025,PP
238,2238,51,2025,PP
239,2239,15,2025,PP
240,2240,51,2025,PP
241,2241,31,2025,PP
242,2242,37,2025,PP
243,2243,26,2025,PP
244,2244,4,2025,PP
245,2245,31,2025,PP
246,2246,3,2025,PP
247,2247,4,2025,PP
248,2248,4,2025,PP
249,2249,45,2025,PP
250,2250,31,2025,PP
251,2251,20,2025,PP
252,2252,4,2025,PP
253,2253,32,2025,PP
254,2254,4,2025,PP
255,2255,51,2025,PP
256,2256,51,2025,PP
257,2257,4,2025,PP
258,2258,43,2025,PP
259,2259,31,2025,PP
260,2260,44,2025,PP
261,2261,4,2025,PP
262,2262,51,2025,PP
263,2263,30,2025,PP
264,2264,51,2025,PP
265,2265,19,2025,PP
266,2266,51,2025,PP
267,2267,43,2025,PP
268,2268,18,2025,PP
269,2269,31,2025,PP
270,2270,39,2025,PP
271,2271,24,2025,PP
272,2272,11,2025,PP
273,2273,51,2025,PP
274,2274,51,2025,PP
275,2275,51,2025,PP
276,2276,10,2025,PP
277,2277,41,2025,PP
278,2278,2,2025,PP
279,2279,33,2025,PP
280,2280,51,2025,PP
281,2281,48,2025,PP
282,2282,4,2025,PP
283,2283,31,2025,PP
284,2284,31,2025,PP
285,2285,6,2025,PP
286,2286,4,2025,PP
287,2287,42,2025,PP
288,2288,31,2025,PP
289,2289,33,2025,PP
290,2290,42,2025,PP
291,2291,51,2025,PP
292,2292,4,2025,PP
293,2293,30,2025,PP
294,2294,51,2025,PP
295,2295,31,2025,PP
296,2296,1,2025,PP
297,2297,4,2025,PP
298,2298,19,2025,PP
299,2299,4,2025,PP
300,2300,20,2025,PP
301,2301,51,2025,PP
302,2302,51,2025,PP
303,2303,31,2025,PP
304,2304,31,2025,PP
305,2305,31,2025,PP
306,2306,7,2025,PP
307,2307,31,2025,PP
308,2308,51,2025,PP
309,2309,18,2025,PP
310,2310,31,2025,PP
311,2311,26,2025,PP
312,2312,51,2025,PP
313,2313,51,2025,PP
314,2314,32,2025,PP
315,2315,51,2025,PP
316,2316,51,2025,PP
317,2317,10,2025,PP
318,2318,20,2025,PP
319,2319,4,2025,PP
320,2320,23,2025,PP
321,2321,31,2025,PP
322,2322,27,2025,PP
323,2323,4,2025,PP
324,2324,51,2025,PP
325,2325,26,2025,PP
326,2326,31,2025,PP
327,2327,22,2025,PP
328,2328,25,2025,PP
329,2329,31,2025,PP
330,2330,11,2025,PP
331,2331,4,2025,PP
332,2332,29,2025,PP
333,2333,31,2025,PP
334,2334,25,2025,PP
335,2335,4,2025,PP
336,2336,31,2025,PP
337,2337,48,2025,PP
338,2338,36,2025,PP
339,2339,51,2025,PP
340,2340,9,2025,PP
341,2341,51,2025,PP
342,2342,42,2025,PP
343,2343,51,2025,PP
344,2344,31,2025,PP
345,2345,32,2025,PP
346,2346,51,2025,PP
347,2347,31,2025,PP
348,2348,51,2025,PP
349,2349,23,2025,PP
350,2350,39,2025,PP
351,2351,30,2025,PP
352,2352,51,2025,PP
353,2353,51,2025,PP
354,2354,49,2025,PP
355,2355,2,2025,PP
356,2356,51,2025,PP
357,2357,51,2025,PP
358,2358,51,2025,PP
359,2359,6,2025,PP
360,2360,31,2025,PP
361,2361,51,2025,PP
362,2362,35,2025,PP
363,2363,15,2025,PP
364,2364,17,2025,PP
365,2365,4,2025,PP
366,2366,51,2025,PP
367,2367,31,2025,PP
368,2368,20,2025,PP
369,2369,46,2025,PP
370,2370,1,2025,PP
371,2371,51,2025,PP
372,2372,28,2025,PP
373,2373,35,2025,PP
374,2374,4,2025,PP
375,2375,4,2025,PP
376,2376,51,2025,PP
377,2377,22,2025,PP
378,2378,51,2025,PP
379,2379,4,2025,PP
380,2380,13,2025,PP
381,2381,31,2025,PP
382,2382,33,2025,PP
383,2383,11,2025,PP
384,2384,4,2025,PP
385,2385,51,2025,PP
386,2386,21,2025,PP
387,2387,51,2025,PP
388,2388,25,2025,PP
389,2389,51,2025,PP
390,2390,5,2025,PP
391,2391,19,2025,PP
392,2392,51,2025,PP
393,2393,49,2025,PP
394,2394,26,2025,PP
395,2395,51,2025,PP
396,2396,14,2025,PP
397,2397,46,2025,PP
398,2398,51,2025,PP
399,2399,51,2025,PP
400,2400,32,2025,PP
401,2401,4,2025,PP
402,2402,4,2025,PP
403,2403,31,2025,PP
404,2404,4,2025,PP
405,2405,29,2025,PP
406,2406,21,2025,PP
407,2407,31,2025,PP
408,2408,21,2025,PP
409,2409,20,2025,PP
410,2410,51,2025,PP
411,2411,4,2025,PP
412,2412,2,2025,PP
413,2413,51,2025,PP
414,2414,51,2025,PP
415,2415,51,2025,PP
416,2416,51,2025,PP
417,2417,19,2025,PP
418,2418,51,2025,PP
419,2419,51,2025,PP
420,2420,4,2025,PP
421,2421,7,2025,PP
422,2422,2,2025,PP
423,2423,51,2025,PP
424,2424,1,2025,PP
425,2425,51,2025,PP
426,2426,43,2025,PP
427,2427,31,2025,PP
428,2428,41,2025,PP
429,2429,5,2025,PP
430,2430,4,2025,PP
431,2431,51,2025,PP
432,2432,37,2025,PP
433,2433,27,2025,PP
434,2434,31,2025,PP
435,2435,4,2025,PP
436,2436,51,2025,PP
437,2437,31,2025,PP
438,2438,15,2025,PP
439,2439,43,2025,PP
440,2440,38,2025,PP
441,2441,49,2025,PP
442,2442,4,2025,PP
443,2443,4,2025,PP
444,2444,31,2025,PP
445,2445,41,2025,PP
446,2446,31,2025,PP
447,2447,51,2025,PP
448,2448,51,2025,PP
449,2449,46,2025,PP
450,2450,43,2025,PP
451,2451,50,2025,PP
452,2452,44,2025,PP
453,2453,4,2025,PP
454,2454,4,2025,PP
455,2455,4,2025,PP
456,2456,31,2025,PP
457,2457,51,2025,PP
458,2458,36,2025,PP
459,2459,42,2025,PP
460,2460,51,2025,PP
461,2461,51,2025,PP
462,2462,31,2025,PP
463,2463,15,2025,PP
464,2464,31,2025,PP
465,2465,7,2025,PP
466,2466,31,2025,PP
467,2467,2,2025,PP
468,2468,31,2025,PP
469,2469,4,2025,PP
470,2470,12,2025,PP
471,2471,9,2025,PP
472,2472,45,2025,PP
473,2473,19,2025,PP
474,2474,51,2025,PP
475,2475,31,2025,PP
476,2476,51,2025,PP
477,2477,31,2025,PP
478,2478,51,2025,PP
479,2479,9,2025,PP
480,2480,4,2025,PP
481,2481,51,2025,PP
482,2482,37,2025,PP
483,2483,33,2025,PP
484,2484,19,2025,PP
485,2485,4,2025,PP
486,2486,33,2025,PP
487,2487,51,2025,PP
488,2488,51,2025,PP
489,2489,42,2025,PP
490,2490,51,2025,PP
491,2491,4,2025,PP
492,2492,51,2025,PP
493,2493,51,2025,PP
494,2494,51,2025,PP
495,2495,43,2025,PP
496,2496,51,2025,PP
497,2497,31,2025,PP
498,2498,8,2025,PP
499,2499,51,2025,PP
500,2500,51,2025,PP
501,2501,4,2025,PP
502,2502,40,2025,PP
503,2503,26,2025,PP
504,2504,7,2025,PP
505,2505,51,2025,PP
506,2506,51,2025,PP
507,2507,26,2025,PP
508,2508,4,2025,PP
509,2509,4,2025,PP
510,2510,20,2025,PP
511,2511,51,2025,PP
512,2512,51,2025,PP
513,2513,26,2025,PP
514,2514,35,2025,PP
515,2515,4,2025,PP
516,2516,51,2025,PP
517,2517,31,2025,PP
518,2518,27,2025,PP
519,2519,51,2025,PP
520,2520,28,2025,PP
521,2521,45,2025,PP
522,2522,27,2025,PP
523,2523,50,2025,PP
524,2524,5,2025,PP
525,2525,4,2025,PP
526,2526,51,2025,PP
527,2527,9,2025,PP
528,2528,4,2025,PP
529,2529,39,2025,PP
530,2530,11,2025,PP
531,2531,51,2025,PP
532,2532,2,2025,PP
533,2533,47,2025,PP
534,2534,31,2025,PP
535,2535,51,2025,PP
536,2536,31,2025,PP
537,2537,9,2025,PP
538,2538,31,2025,PP
539,2539,51,2025,PP
540,2540,51,2025,PP
541,2541,51,2025,PP
542,2542,51,2025,PP
543,2543,6,2025,PP
544,2544,45,2025,PP
545,2545,51,2025,PP
546,2546,31,2025,PP
547,2547,51,2025,PP
548,2548,51,2025,PP
549,2549,12,2025,PP
550,2550,51,2025,PP
551,2551,51,2025,PP
552,2552,39,2025,PP
553,2553,51,2025,PP
554,2554,41,2025,PP
555,2555,30,2025,PP
556,2556,4,2025,PP
557,2557,39,2025,PP
558,2558,22,2025,PP
559,2559,51,2025,PP
560,2560,51,2025,PP
561,2561,51,2025,PP
562,2562,29,2025,PP
563,2563,4,2025,PP
564,2564,51,2025,PP
565,2565,21,2025,PP
566,2566,4,2025,PP
567,2567,51,2025,PP
568,2568,51,2025,PP
569,2569,45,2025,PP
570,2570,4,2025,PP
571,2571,6,2025,PP
572,2572,4,2025,PP
573,2573,51,2025,PP
574,2574,14,2025,PP
575,2575,11,2025,PP
576,2576,51,2025,PP
577,2577,30,2025,PP
578,2578,4,2025,PP
579,2579,43,2025,PP
580,2580,24,2025,PP
581,2581,16,2025,PP
582,2582,51,2025,PP
583,2583,51,2025,PP
584,2584,46,2025,PP
585,2585,12,2025,PP
586,2586,4,2025,PP
587,2587,11,2025,PP
588,2588,9,2025,PP
589,2589,42,2025,PP
590,2590,51,2025,PP
591,2591,20,2025,PP
592,2592,51,2025,PP
593,2593,51,2025,PP
594,2594,31,2025,PP
595,2595,43,2025,PP
596,2596,51,2025,PP
597,2597,32,2025,PP
598,2598,51,2025,PP
599,2599,31,2025,PP
600,2600,6,2025,PP
601,2601,51,2025,PP
602,2602,20,2025,PP
603,2603,51,2025,PP
604,2604,5,2025,PP
605,2605,51,2025,PP
606,2606,51,2025,PP
607,2607,4,2025,PP
608,2608,51,2025,PP
609,2609,35,2025,PP
610,2610,51,2025,PP
611,2611,19,2025,PP
612,2612,28,2025,PP
613,2613,4,2025,PP
614,2614,4,2025,PP
615,2615,26,2025,PP
616,2616,4,2025,PP
617,2617,51,2025,PP
618,2618,51,2025,PP
619,2619,51,2025,PP
620,2620,31,2025,PP
621,2621,16,2025,PP
622,2622,4,2025,PP
623,2623,51,2025,PP
624,2624,51,2025,PP
625,2625,16,2025,PP
626,2626,51,2025,PP
627,2627,15,2025,PP
628,2628,43,2025,PP
629,2629,51,2025,PP
630,2630,51,2025,PP
631,2631,29,2025,PP
632,2632,4,2025,PP
633,2633,36,2025,PP
634,2634,51,2025,PP
635,2635,51,2025,PP
636,2636,12,2025,PP
637,2637,39,2025,PP
638,2638,33,2025,PP
639,2639,17,2025,PP
640,2640,51,2025,PP
641,2641,51,2025,PP
642,2642,12,2025,PP
643,2643,51,2025,PP
644,2644,51,2025,PP
645,2645,51,2025,PP
646,2646,4,2025,PP
647,2647,4,2025,PP
648,2648,51,2025,PP
649,2649,17,2025,PP
650,2650,17,2025,PP
651,2651,31,2025,PP
652,2652,30,2025,PP
653,2653,51,2025,PP
654,2654,36,2025,PP
655,2655,19,2025,PP
656,2656,22,2025,PP
657,2657,21,2025,PP
658,2658,33,2025,PP
659,2659,6,2025,PP
660,2660,30,2025,PP
661,2661,51,2025,PP
662,2662,4,2025,PP
663,2663,4,2025,PP
664,2664,51,2025,PP
665,2665,42,2025,PP
666,2666,51,2025,PP
667,2667,4,2025,PP
668,2668,38,2025,PP
669,2669,31,2025,PP
670,2670,22,2025,PP
671,2671,31,2025,PP
672,2672,51,2025,PP
673,2673,37,2025,PP
674,2674,51,2025,PP
675,2675,32,2025,PP
676,2676,31,2025,PP
677,2677,15,2025,PP
678,2678,4,2025,PP
679,2679,51,2025,PP
680,2680,29,2025,PP
681,2681,44,2025,PP
682,2682,31,2025,PP
683,2683,51,2025,PP
684,2684,4,2025,PP
685,2685,51,2025,PP
686,2686,34,2025,PP
687,2687,31,2025,PP
688,2688,4,2025,PP
689,2689,4,2025,PP
690,2690,4,2025,PP
691,2691,48,2025,PP
692,2692,32,2025,PP
693,2693,51,2025,PP
694,2694,31,2025,PP
695,2695,25,2025,PP
696,2696,51,2025,PP
697,2697,51,2025,PP
698,2698,4,2025,PP
699,2699,16,2025,PP
700,2700,51,2025,PP
701,2701,51,2025,PP
702,2702,31,2025,PP
703,2703,31,2025,PP
704,2704,36,2025,PP
705,2705,16,2025,PP
706,2706,4,2025,PP
707,2707,4,2025,PP
708,2708,51,2025,PP
709,2709,31,2025,PP
710,2710,35,2025,PP
711,2711,17,2025,PP
712,2712,51,2025,PP
713,2713,14,2025,PP
714,2714,4,2025,PP
715,2715,4,2025,PP
716,2716,51,2025,PP
717,2717,9,2025,PP
718,2718,21,2025,PP
719,2719,51,2025,PP
720,2720,34,2025,PP
721,2721,4,2025,PP
722,2722,43,2025,PP
723,2723,51,2025,PP
724,2724,31,2025,PP
725,2725,41,2025,PP
726,2726,23,2025,PP
727,2727,29,2025,PP
728,2728,21,2025,PP
729,2729,2,2025,PP
730,2730,27,2025,PP
731,2731,4,2025,PP
732,2732,51,2025,PP
733,2733,51,2025,PP
734,2734,30,2025,PP
735,2735,9,2025,PP
736,2736,28,2025,PP
737,2737,39,2025,PP
738,2738,25,2025,PP
739,2739,51,2025,PP
740,2740,31,2025,PP
741,2741,51,2025,PP
742,2742,4,2025,PP
743,2743,4,2025,PP
744,2744,51,2025,PP
745,2745,12,2025,PP
746,2746,31,2025,PP
747,2747,31,2025,PP
748,2748,51,2025,PP
749,2749,28,2025,PP
750,2750,31,2025,PP
751,2751,51,2025,PP
752,2752,51,2025,PP
753,2753,44,2025,PP
754,2754,47,2025,PP
755,2755,51,2025,PP
756,2756,51,2025,PP
757,2757,21,2025,PP
758,2758,30,2025,PP
759,2759,20,2025,PP
760,2760,51,2025,PP
761,2761,31,2025,PP
762,2762,51,2025,PP
763,2763,51,2025,PP
764,2764,31,2025,PP
765,2765,12,2025,PP
766,2766,31,2025,PP
767,2767,9,2025,PP
768,2768,51,2025,PP
769,2769,4,2025,PP
770,2770,8,2025,PP
771,2771,37,2025,PP
772,2772,51,2025,PP
773,2773,51,2025,PP
774,2774,31,2025,PP
775,2775,41,2025,PP
776,2776,31,2025,PP
777,2777,36,2025,PP
778,2778,51,2025,PP
779,2779,51,2025,PP
780,2780,20,2025,PP
781,2781,19,2025,PP
782,2782,37,2025,PP
783,2783,36,2025,PP
784,2784,2,2025,PP
785,2785,4,2025,PP
786,2786,51,2025,PP
787,2787,35,2025,PP
788,2788,43,2025,PP
789,2789,51,2025,PP
790,2790,51,2025,PP
791,2791,51,2025,PP
792,2792,31,2025,PP
793,2793,38,2025,PP
794,2794,9,2025,PP
795,2795,46,2025,PP
796,2796,4,2025,PP
797,2797,47,2025,PP
798,2798,51,2025,PP
799,2799,51,2025,PP
800,2800,31,2025,PP
801,2801,23,2025,PP
802,2802,41,2025,PP
803,2803,51,2025,PP
804,2804,1,2025,PP
805,2805,29,2025,PP
806,2806,3,2025,PP
807,2807,31,2025,PP
808,2808,4,2025,PP
809,2809,51,2025,PP
810,2810,4,2025,PP
811,2811,4,2025,PP
812,2812,46,2025,PP
813,2813,39,2025,PP
814,2814,37,2025,PP
815,2815,51,2025,PP
816,2816,22,2025,PP
817,2817,51,2025,PP
818,2818,8,2025,PP
819,2819,21,2025,PP
820,2820,27,2025,PP
821,2821,51,2025,PP
822,2822,33,2025,PP
823,2823,4,2025,PP
824,2824,39,2025,PP
825,2825,24,2025,PP
826,2826,32,2025,PP
827,2827,42,2025,PP
828,2828,1,2025,PP
829,2829,2,2025,PP
830,2830,31,2025,PP
831,2831,41,2025,PP
832,2832,51,2025,PP
833,2833,51,2025,PP
834,2834,50,2025,PP
835,2835,4,2025,PP
836,2836,9,2025,PP
837,2837,24,2025,PP
838,2838,51,2025,PP
839,2839,31,2025,PP
840,2840,51,2025,PP
841,2841,31,2025,PP
842,2842,31,2025,PP
843,2843,1,2025,PP
844,2844,13,2025,PP
845,2845,23,2025,PP
846,2846,29,2025,PP
847,2847,51,2025,PP
848,2848,4,2025,PP
849,2849,4,2025,PP
850,2850,24,2025,PP
851,2851,45,2025,PP
852,2852,4,2025,PP
853,2853,25,2025,PP
854,2854,31,2025,PP
855,2855,19,2025,PP
856,2856,5,2025,PP
857,2857,51,2025,PP
858,2858,4,2025,PP
859,2859,31,2025,PP
860,2860,1,2025,PP
861,2861,9,2025,PP
862,2862,31,2025,PP
863,2863,51,2025,PP
864,2864,47,2025,PP
865,2865,9,2025,PP
866,2866,31,2025,PP
867,2867,4,2025,PP
868,2868,43,2025,PP
869,2869,37,2025,PP
870,2870,42,2025,PP
871,2871,4,2025,PP
872,2872,51,2025,PP
873,2873,29,2025,PP
874,2874,31,2025,PP
875,2875,4,2025,PP
876,2876,4,2025,PP
877,2877,50,2025,PP
878,2878,23,2025,PP
879,2879,5,2025,PP
880,2880,15,2025,PP
881,2881,51,2025,PP
882,2882,4,2025,PP
883,2883,51,2025,PP
884,2884,31,2025,PP
885,2885,31,2025,PP
886,2886,51,2025,PP
887,2887,7,2025,PP
888,2888,31,2025,PP
889,2889,40,2025,PP
890,2890,4,2025,PP
891,2891,51,2025,PP
892,2892,51,2025,PP
893,2893,51,2025,PP
894,2894,31,2025,PP
895,2895,4,2025,PP
896,2896,12,2025,PP
897,2897,11,2025,PP
898,2898,17,2025,PP
899,2899,18,2025,PP
900,2900,51,2025,PP
901,2901,21,2025,PP
902,2902,51,2025,PP
903,2903,51,2025,PP
904,2904,24,2025,PP
905,2905,4,2025,PP
906,2906,48,2025,PP
907,2907,4,2025,PP
908,2908,51,2025,PP
909,2909,51,2025,PP
910,2910,44,2025,PP
911,2911,51,2025,PP
912,2912,51,2025,PP
913,2913,13,2025,PP
914,2914,51,2025,PP
915,2915,51,2025,PP
916,2916,7,2025,PP
917,2917,51,2025,PP
918,2918,51,2025,PP
919,2919,29,2025,PP
920,2920,2,2025,PP
921,2921,37,2025,PP
922,2922,5,2025,PP
923,2923,51,2025,PP
924,2924,27,2025,PP
925,2925,31,2025,PP
926,2926,51,2025,PP
927,2927,14,2025,PP
928,2928,51,2025,PP
929,2929,42,2025,PP
930,2930,51,2025,PP
931,2931,31,2025,PP
932,2932,51,2025,PP
933,2933,46,2025,PP
934,2934,4,2025,PP
935,2935,31,2025,PP
936,2936,31,2025,PP
937,2937,35,2025,PP
938,2938,17,2025,PP
939,2939,51,2025,PP
940,2940,51,2025,PP
941,2941,31,2025,PP
942,2942,22,2025,PP
943,2943,51,2025,PP
944,2944,51,2025,PP
945,2945,51,2025,PP
946,2946,17,2025,PP
947,2947,31,2025,PP
948,2948,36,2025,PP
949,2949,51,2025,PP
950,2950,51,2025,PP
951,2951,51,2025,PP
952,2952,6,2025,PP
953,2953,37,2025,PP
954,2954,51,2025,PP
955,2955,41,2025,PP
956,2956,16,2025,PP
957,2957,12,2025,PP
958,2958,51,2025,PP
959,2959,51,2025,PP
960,2960,31,2025,PP
961,2961,22,2025,PP
962,2962,12,2025,PP
963,2963,51,2025,PP
964,2964,3,2025,PP
965,2965,3,2025,PP
966,2966,31,2025,PP
967,2967,51,2025,PP
968,2968,30,2025,PP
969,2969,51,2025,PP
970,2970,51,2025,PP
971,2971,4,2025,PP
972,2972,51,2025,PP
973,2973,51,2025,PP
974,2974,31,2025,PP
975,2975,37,2025,PP
976,2976,30,2025,PP
977,2977,35,2025,PP
978,2978,10,2025,PP
979,2979,35,2025,PP
980,2980,39,2025,PP
981,2981,39,2025,PP
982,2982,51,2025,PP
983,2983,24,2025,PP
984,2984,4,2025,PP
985,2985,51,2025,PP
986,2986,45,2025,PP
987,2987,31,2025,PP
988,2988,5,2025,PP
989,2989,51,2025,PP
990,2990,48,2025,PP
991,2991,28,2025,PP
992,2992,51,2025,PP
993,2993,51,2025,PP
994,2994,31,2025,PP
995,2995,4,2025,PP
996,2996,51,2025,PP
997,2997,4,2025,PP
998,2998,10,2025,PP
999,2999,31,2025,PP
1000,3000,20,2025,PP
1001,3001,31,2025,PP
1002,3002,31,2025,PP
1003,3003,47,2025,PP
1004,3004,14,2025,PP
1005,3005,51,2025,PP
1006,3006,46,2025,PFA
1007,3007,17,2025,PFA
1008,3008,31,2025,PFA
1009,3009,30,2025,PFA
1010,3010,31,2025,PFA
1011,3011,16,2025,PFA
1012,3012,18,2025,PFA
1013,3013,44,2025,PFA
1014,3014,4,2025,PFA
1015,3015,47,2025,PFA
1016,3016,45,2025,PFA
1017,3017,43,2025,PFA
1018,3018,28,2025,PFA
1019,3019,31,2025,PFA
1020,3020,28,2025,PFA
1021,3021,4,2025,PFA
1022,3022,29,2025,PFA
1023,3023,37,2025,PFA
1024,3024,10,2025,PFA
1025,3025,4,2025,PFA
1026,3026,35,2025,PFA
1027,3027,12,2025,PFA
1028,3028,4,2025,PFA
1029,3029,4,2025,PFA
1030,3030,15,2025,PFA
1031,3031,31,2025,PFA
1032,3032,12,2025,PFA
1033,3033,46,2025,PFA
1034,3034,38,2025,PFA
1035,3035,34,2025,PFA
1036,3036,31,2025,PFA
1037,3037,17,2025,PFA
1038,3038,4,2025,PFA
1039,3039,3,2025,PFA
1040,3040,4,2025,PFA
1041,3041,3,2025,PFA
1042,3042,31,2025,PFA
1043,3043,36,2025,PFA
1044,3044,28,2025,PFA
1045,3045,17,2025,PFA
1046,3046,2,2025,PFA
1047,3047,31,2025,PFA
1048,3048,11,2025,PFA
1049,3049,17,2025,PFA
1050,3050,33,2025,PFA
1051,3051,4,2025,PFA
1052,3052,6,2025,PFA
1053,3053,30,2025,PFA
1054,3054,8,2025,PFA
1055,3055,4,2025,PFA
1056,3056,31,2025,PFA
1057,3057,39,2025,PFA
1058,3058,35,2025,PFA
1059,3059,17,2025,PFA
1060,3060,17,2025,PFA
1061,3061,17,2025,PFA
1062,3062,49,2025,PFA
1063,3063,18,2025,PFA
1064,3064,38,2025,PFA
1065,3065,40,2025,PFA
1066,3066,4,2025,PFA
1067,3067,4,2025,PFA
1068,3068,23,2025,PFA
1069,3069,17,2025,PFA
1070,3070,40,2025,PFA
1071,3071,4,2025,PFA
1072,3072,10,2025,PFA
1073,3073,17,2025,PFA
1074,3074,17,2025,PFA
1075,3075,39,2025,PFA
1076,3076,38,2025,PFA
1077,3077,21,2025,PFA
1078,3078,7,2025,PFA
1079,3079,17,2025,PFA
1080,3080,32,2025,PFA
1081,3081,4,2025,PFA
1082,3082,4,2025,PFA
1083,3083,49,2025,PFA
1084,3084,35,2025,PFA
1085,3085,4,2025,PFA
1086,3086,4,2025,PFA
1087,3087,4,2025,PFA
1088,3088,31,2025,PFA
1089,3089,4,2025,PFA
1090,3090,31,2025,PFA
1091,3091,9,2025,PFA
1092,3092,4,2025,PFA
1093,3093,38,2025,PFA
1094,3094,31,2025,PFA
1095,3095,17,2025,PFA
1096,3096,49,2025,PFA
1097,3097,17,2025,PFA
1098,3098,17,2025,PFA
1099,3099,7,2025,PFA
1100,3100,32,2025,PFA
1101,3101,51,2025,PFA
1102,3102,31,2025,PFA
1103,3103,31,2025,PFA
1104,3104,8,2025,PFA
1105,3105,31,2025,PFA
1106,3106,1,2025,PFA
1107,3107,4,2025,PFA
1108,3108,31,2025,PFA
1109,3109,4,2025,PFA
1110,3110,31,2025,PFA
1111,3111,34,2025,PFA
1112,3112,3,2025,PFA
1113,3113,17,2025,PFA
1114,3114,16,2025,PFA
1115,3115,48,2025,PFA
1116,3116,29,2025,PFA
1117,3117,29,2025,PFA
1118,3118,50,2025,PFA
1119,3119,43,2025,PFA
1120,3120,34,2025,PFA
1121,3121,41,2025,PFA
1122,3122,35,2025,PFA
1123,3123,46,2025,PFA
1124,3124,11,2025,PFA
1125,3125,4,2025,PFA
1126,3126,17,2025,PFA
1127,3127,17,2025,PFA
1128,3128,4,2025,PFA
1129,3129,4,2025,PFA
1130,3130,17,2025,PFA
1131,3131,40,2025,PFA
1132,3132,26,2025,PFA
1133,3133,4,2025,PFA
1134,3134,4,2025,PFA
1135,3135,31,2025,PFA
1136,3136,7,2025,PFA
1137,3137,4,2025,PFA
1138,3138,17,2025,PFA
1139,3139,31,2025,PFA
1140,3140,4,2025,PFA
1141,3141,31,2025,PFA
1142,3142,31,2025,PFA
1143,3143,4,2025,PFA
1144,3144,31,2025,PFA
1145,3145,15,2025,PFA
1146,3146,6,2025,PFA
1147,3147,4,2025,PFA
1148,3148,17,2025,PFA
1149,3149,31,2025,PFA
1150,3150,45,2025,PFA
1151,3151,3,2025,PFA
1152,3152,33,2025,PFA
1153,3153,17,2025,PFA
1154,3154,17,2025,PFA
1155,3155,48,2025,PFA
1156,3156,45,2025,PFA
1157,3157,37,2025,PFA
1158,3158,17,2025,PFA
1159,3159,31,2025,PFA
1160,3160,15,2025,PFA
1161,3161,41,2025,PFA
1162,3162,14,2025,PFA
1163,3163,17,2025,PFA
1164,3164,28,2025,PFA
1165,3165,29,2025,PFA
1166,3166,44,2025,PFA
1167,3167,4,2025,PFA
1168,3168,28,2025,PFA
1169,3169,36,2025,PFA
1170,3170,27,2025,PFA
1171,3171,27,2025,PFA
1172,3172,31,2025,PFA
1173,3173,4,2025,PFA
1174,3174,4,2025,PFA
1175,3175,17,2025,PFA
1176,3176,17,2025,PFA
1177,3177,6,2025,PFA
1178,3178,25,2025,PFA
1179,3179,4,2025,PFA
1180,3180,17,2025,PFA
1181,3181,37,2025,PFA
1182,3182,18,2025,PFA
1183,3183,4,2025,PFA
1184,3184,29,2025,PFA
1185,3185,51,2025,PFA
1186,3186,31,2025,PFA
1187,3187,35,2025,PFA
1188,3188,12,2025,PFA
1189,3189,4,2025,PFA
1190,3190,12,2025,PFA
1191,3191,18,2025,PFA
1192,3192,15,2025,PFA
1193,3193,4,2025,PFA
1194,3194,17,2025,PFA
1195,3195,17,2025,PFA
1196,3196,17,2025,PFA
1197,3197,11,2025,PFA
1198,3198,4,2025,PFA
1199,3199,17,2025,PFA
1200,3200,37,2025,PFA
1201,3201,40,2025,PFA
1202,3202,23,2025,PFA
1203,3203,34,2025,PFA
1204,3204,4,2025,PFA
1205,3205,31,2025,PFA
1206,3206,34,2025,PFA
1207,3207,42,2025,PFA
1208,3208,46,2025,PFA
1209,3209,10,2025,PFA
1210,3210,17,2025,PFA
1211,3211,2,2025,PFA
1212,3212,19,2025,PFA
1213,3213,38,2025,PFA
1214,3214,31,2025,PFA
1215,3215,48,2025,PFA
1216,3216,4,2025,PFA
1217,3217,4,2025,PFA
1218,3218,4,2025,PFA
1219,3219,27,2025,PFA
1220,3220,14,2025,PFA
1221,3221,31,2025,PFA
1222,3222,25,2025,PFA
1223,3223,37,2025,PFA
1224,3224,45,2025,PFA
1225,3225,31,2025,PFA
1226,3226,23,2025,PFA
1227,3227,48,2025,PFA
1228,3228,15,2025,PFA
1229,3229,27,2025,PFA
1230,3230,31,2025,PFA
1231,3231,31,2025,PFA
1232,3232,6,2025,PFA
1233,3233,4,2025,PFA
1234,3234,4,2025,PFA
1235,3235,31,2025,PFA
1236,3236,4,2025,PFA
1237,3237,14,2025,PFA
1238,3238,28,2025,PFA
1239,3239,17,2025,PFA
1240,3240,17,2025,PFA
1241,3241,21,2025,PFA
1242,3242,3,2025,PFA
1243,3243,20,2025,PFA
1244,3244,11,2025,PFA
1245,3245,29,2025,PFA
1246,3246,51,2025,PFA
1247,3247,49,2025,PFA
1248,3248,28,2025,PFA
1249,3249,12,2025,PFA
1250,3250,40,2025,PFA
1251,3251,25,2025,PFA
1252,3252,40,2025,PFA
1253,3253,4,2025,PFA
1254,3254,26,2025,PFA
1255,3255,9,2025,PFA
1256,3256,29,2025,PFA
1257,3257,17,2025,PFA
1258,3258,4,2025,PFA
1259,3259,38,2025,PFA
1260,3260,31,2025,PFA
1261,3261,17,2025,PFA
1262,3262,28,2025,PFA
1263,3263,17,2025,PFA
1264,3264,4,2025,PFA
1265,3265,31,2025,PFA
1266,3266,25,2025,PFA
1267,3267,4,2025,PFA
1268,3268,17,2025,PFA
1269,3269,31,2025,PFA
1270,3270,22,2025,PFA
1271,3271,31,2025,PFA
1272,3272,26,2025,PFA
1273,3273,17,2025,PFA
1274,3274,17,2025,PFA
1275,3275,2,2025,PFA
1276,3276,17,2025,PFA
1277,3277,42,2025,PFA
1278,3278,16,2025,PFA
1279,3279,4,2025,PFA
1280,3280,1,2025,PFA
1281,3281,29,2025,PFA
1282,3282,43,2025,PFA
1283,3283,40,2025,PFA
1284,3284,4,2025,PFA
1285,3285,33,2025,PFA
1286,3286,31,2025,PFA
1287,3287,17,2025,PFA
1288,3288,41,2025,PFA
1289,3289,31,2025,PFA
1290,3290,31,2025,PFA
1291,3291,1,2025,PFA
1292,3292,46,2025,PFA
1293,3293,45,2025,PFA
1294,3294,5,2025,PFA
1295,3295,31,2025,PFA
1296,3296,18,2025,PFA
1297,3297,31,2025,PFA
1298,3298,28,2025,PFA
1299,3299,39,2025,PFA
1300,3300,17,2025,PFA
1301,3301,14,2025,PFA
1302,3302,4,2025,PFA
1303,3303,4,2025,PFA
1304,3304,8,2025,PFA
1305,3305,33,2025,PFA
1306,3306,44,2025,PFA
1307,3307,28,2025,PFA
1308,3308,38,2025,PFA
1309,3309,31,2025,PFA
1310,3310,17,2025,PFA
1311,3311,16,2025,PFA
1312,3312,17,2025,PFA
1313,3313,34,2025,PFA
1314,3314,46,2025,PFA
1315,3315,15,2025,PFA
1316,3316,51,2025,PFA
1317,3317,43,2025,PFA
1318,3318,31,2025,PFA
1319,3319,35,2025,PFA
1320,3320,4,2025,PFA
1321,3321,4,2025,PFA
1322,3322,13,2025,PFA
1323,3323,47,2025,PFA
1324,3324,45,2025,PFA
1325,3325,4,2025,PFA
1326,3326,17,2025,PFA
1327,3327,16,2025,PFA
1328,3328,4,2025,PFA
1329,3329,17,2025,PFA
1330,3330,3,2025,PFA
1331,3331,42,2025,PFA
1332,3332,4,2025,PFA
1333,3333,9,2025,PFA
1334,3334,10,2025,PFA
1335,3335,35,2025,PFA
1336,3336,15,2025,PFA
1337,3337,12,2025,PFA
1338,3338,50,2025,PFA
1339,3339,31,2025,PFA
1340,3340,31,2025,PFA
1341,3341,48,2025,PFA
1342,3342,41,2025,PFA
1343,3343,17,2025,PFA
1344,3344,41,2025,PFA
1345,3345,36,2025,PFA
1346,3346,24,2025,PFA
1347,3347,19,2025,PFA
1348,3348,17,2025,PFA
1349,3349,4,2025,PFA
1350,3350,17,2025,PFA
1351,3351,17,2025,PFA
1352,3352,17,2025,PFA
1353,3353,9,2025,PFA
1354,3354,8,2025,PFA
1355,3355,34,2025,PFA
1356,3356,17,2025,PFA
1357,3357,38,2025,PFA
1358,3358,36,2025,PFA
1359,3359,31,2025,PFA
1360,3360,31,2025,PFA
1361,3361,18,2025,PFA
1362,3362,9,2025,PFA
1363,3363,49,2025,PFA
1364,3364,21,2025,PFA
1365,3365,22,2025,PFA
1366,3366,42,2025,PFA
1367,3367,31,2025,PFA
1368,3368,48,2025,PFA
1369,3369,4,2025,PFA
1370,3370,17,2025,PFA
1371,3371,49,2025,PFA
1372,3372,35,2025,PFA
1373,3373,40,2025,PFA
1374,3374,16,2025,PFA
1375,3375,17,2025,PFA
1376,3376,41,2025,PFA
1377,3377,41,2025,PFA
1378,3378,49,2025,PFA
1379,3379,4,2025,PFA
1380,3380,9,2025,PFA
1381,3381,12,2025,PFA
1382,3382,36,2025,PFA
1383,3383,45,2025,PFA
1384,3384,6,2025,PFA
1385,3385,28,2025,PFA
1386,3386,6,2025,PFA
1387,3387,4,2025,PFA
1388,3388,4,2025,PFA
1389,3389,4,2025,PFA
1390,3390,18,2025,PFA
1391,3391,28,2025,PFA
1392,3392,4,2025,PFA
1393,3393,17,2025,PFA
1394,3394,17,2025,PFA
1395,3395,14,2025,PFA
1396,3396,31,2025,PFA
1397,3397,17,2025,PFA
1398,3398,17,2025,PFA
1399,3399,13,2025,PFA
1400,3400,31,2025,PFA
1401,3401,31,2025,PFA
1402,3402,50,2025,PFA
1403,3403,1,2025,PFA
1404,3404,26,2025,PFA
1405,3405,4,2025,PFA
1406,3406,18,2025,PFA
1407,3407,4,2025,PFA
1408,3408,13,2025,PFA
1409,3409,4,2025,PFA
1410,3410,31,2025,PFA
1411,3411,17,2025,PFA
1412,3412,29,2025,PFA
1413,3413,17,2025,PFA
1414,3414,32,2025,PFA
1415,3415,21,2025,PFA
1416,3416,4,2025,PFA
1417,3417,24,2025,PFA
1418,3418,10,2025,PFA
1419,3419,15,2025,PFA
1420,3420,31,2025,PFA
1421,3421,31,2025,PFA
1422,3422,31,2025,PFA
1423,3423,4,2025,PFA
1424,3424,31,2025,PFA
1425,3425,10,2025,PFA
1426,3426,17,2025,PFA
1427,3427,17,2025,PFA
1428,3428,17,2025,PFA
1429,3429,17,2025,PFA
1430,3430,7,2025,PFA
1431,3431,10,2025,PFA
1432,3432,2,2025,PFA
1433,3433,19,2025,PFA
1434,3434,17,2025,PFA
1435,3435,1,2025,PFA
1436,3436,40,2025,PFA
1437,3437,29,2025,PFA
1438,3438,12,2025,PFA
1439,3439,46,2025,PFA
1440,3440,17,2025,PFA
1441,3441,30,2025,PFA
1442,3442,38,2025,PFA
1443,3443,38,2025,PFA
1444,3444,6,2025,PFA
1445,3445,5,2025,PFA
1446,3446,28,2025,PFA
1447,3447,37,2025,PFA
1448,3448,31,2025,PFA
1449,3449,13,2025,PFA
1450,3450,17,2025,PFA
1451,3451,1,2025,PFA
1452,3452,30,2025,PFA
1453,3453,4,2025,PFA
1454,3454,38,2025,PFA
1455,3455,4,2025,PFA
1456,3456,51,2025,PFA
1457,3457,19,2025,PFA
1458,3458,31,2025,PFA
1459,3459,17,2025,PFA
1460,3460,2,2025,PFA
1461,3461,47,2025,PFA
1462,3462,47,2025,PFA
1463,3463,14,2025,PFA
1464,3464,31,2025,PFA
1465,3465,13,2025,PFA
1466,3466,31,2025,PFA
1467,3467,18,2025,PFA
1468,3468,43,2025,PFA
1469,3469,14,2025,PFA
1470,3470,37,2025,PFA
1471,3471,17,2025,PFA
1472,3472,17,2025,PFA
1473,3473,40,2025,PFA
1474,3474,31,2025,PFA
1475,3475,13,2025,PFA
1476,3476,49,2025,PFA
1477,3477,31,2025,PFA
1478,3478,22,2025,PFA
1479,3479,15,2025,PFA
1480,3480,31,2025,PFA
1481,3481,31,2025,PFA
1482,3482,21,2025,PFA
1483,3483,30,2025,PFA
1484,3484,43,2025,PFA
1485,3485,17,2025,PFA
1486,3486,13,2025,PFA
1487,3487,31,2025,PFA
1488,3488,11,2025,PFA
1489,3489,1,2025,PFA
1490,3490,4,2025,PFA
1491,3491,17,2025,PFA
1492,3492,49,2025,PFA
1493,3493,17,2025,PFA
1494,3494,33,2025,PFA
1495,3495,17,2025,PFA
1496,3496,4,2025,PFA
1497,3497,43,2025,PFA
1498,3498,17,2025,PFA
1499,3499,5,2025,PFA
1500,3500,26,2025,PFA
1501,3501,17,2025,PFA
1502,3502,19,2025,PFA
1503,3503,28,2025,PFA
1504,3504,33,2025,PFA
1505,3505,37,2025,PFA
1506,3506,32,2025,PFA
1507,3507,11,2025,PFA
1508,3508,20,2025,PFA
1509,3509,41,2025,PFA
1510,3510,44,2025,PFA
1511,3511,2,2025,PFA
1512,3512,17,2025,PFA
1513,3513,37,2025,PFA
1514,3514,4,2025,PFA
1515,3515,17,2025,PFA
1516,3516,29,2025,PFA
1517,3517,31,2025,PFA
1518,3518,8,2025,PFA
1519,3519,31,2025,PFA
1520,3520,10,2025,PFA
1521,3521,31,2025,PFA
1522,3522,31,2025,PFA
1523,3523,37,2025,PFA
1524,3524,4,2025,PFA
1525,3525,21,2025,PFA
1526,3526,17,2025,PFA
1527,3527,3,2025,PFA
1528,3528,34,2025,PFA
1529,3529,17,2025,PFA
1530,3530,33,2025,PFA
1531,3531,17,2025,PFA
1532,3532,34,2025,PFA
1533,3533,4,2025,PFA
1534,3534,31,2025,PFA
1535,3535,6,2025,PFA
1536,3536,31,2025,PFA
1537,3537,43,2025,PFA
1538,3538,43,2025,PFA
1539,3539,4,2025,PFA
1540,3540,17,2025,PFA
1541,3541,17,2025,PFA
1542,3542,2,2025,PFA
1543,3543,4,2025,PFA
1544,3544,31,2025,PFA
1545,3545,5,2025,PFA
1546,3546,17,2025,PFA
1547,3547,13,2025,PFA
1548,3548,43,2025,PFA
1549,3549,40,2025,PFA
1550,3550,41,2025,PFA
1551,3551,19,2025,PFA
1552,3552,44,2025,PFA
1553,3553,31,2025,PFA
1554,3554,31,2025,PFA
1555,3555,16,2025,PFA
1556,3556,27,2025,PFA
1557,3557,4,2025,PFA
1558,3558,26,2025,PFA
1559,3559,13,2025,PFA
1560,3560,29,2025,PFA
1561,3561,9,2025,PFA
1562,3562,17,2025,PFA
1563,3563,30,2025,PFA
1564,3564,38,2025,PFA
1565,3565,17,2025,PFA
1566,3566,17,2025,PFA
1567,3567,17,2025,PFA
1568,3568,4,2025,PFA
1569,3569,31,2025,PFA
1570,3570,17,2025,PFA
1571,3571,14,2025,PFA
1572,3572,44,2025,PFA
1573,3573,17,2025,PFA
1574,3574,31,2025,PFA
1575,3575,22,2025,PFA
1576,3576,4,2025,PFA
1577,3577,12,2025,PFA
1578,3578,7,2025,PFA
1579,3579,17,2025,PFA
1580,3580,31,2025,PFA
1581,3581,13,2025,PFA
1582,3582,2,2025,PFA
1583,3583,21,2025,PFA
1584,3584,46,2025,PFA
1585,3585,17,2025,PFA
1586,3586,31,2025,PFA
1587,3587,2,2025,PFA
1588,3588,4,2025,PFA
1589,3589,23,2025,PFA
1590,3590,4,2025,PFA
1591,3591,47,2025,PFA
1592,3592,31,2025,PFA
1593,3593,9,2025,PFA
1594,3594,10,2025,PFA
1595,3595,23,2025,PFA
1596,3596,31,2025,PFA
1597,3597,24,2025,PFA
1598,3598,28,2025,PFA
1599,3599,17,2025,PFA
1600,3600,16,2025,PFA
1601,3601,17,2025,PFA
1602,3602,17,2025,PFA
1603,3603,12,2025,PFA
1604,3604,17,2025,PFA
1605,3605,14,2025,PFA
1606,3606,33,2025,PFA
1607,3607,4,2025,PFA
1608,3608,31,2025,PFA
1609,3609,4,2025,PFA
1610,3610,4,2025,PFA
1611,3611,8,2025,PFA
1612,3612,17,2025,PFA
1613,3613,10,2025,PFA
1614,3614,20,2025,PFA
1615,3615,17,2025,PFA
1616,3616,42,2025,PFA
1617,3617,17,2025,PFA
1618,3618,4,2025,PFA
1619,3619,13,2025,PFA
1620,3620,33,2025,PFA
1621,3621,23,2025,PFA
1622,3622,16,2025,PFA
1623,3623,10,2025,PFA
1624,3624,31,2025,PFA
1625,3625,4,2025,PFA
1626,3626,38,2025,PFA
1627,3627,40,2025,PFA
1628,3628,4,2025,PFA
1629,3629,18,2025,PFA
1630,3630,17,2025,PFA
1631,3631,13,2025,PFA
1632,3632,17,2025,PFA
1633,3633,31,2025,PFA
1634,3634,18,2025,PFA
1635,3635,31,2025,PFA
1636,3636,4,2025,PFA
1637,3637,44,2025,PFA
1638,3638,44,2025,PFA
1639,3639,4,2025,PFA
1640,3640,28,2025,PFA
1641,3641,47,2025,PFA
1642,3642,45,2025,PFA
1643,3643,31,2025,PFA
1644,3644,41,2025,PFA
1645,3645,31,2025,PFA
1646,3646,4,2025,PFA
1647,3647,29,2025,PFA
1648,3648,31,2025,PFA
1649,3649,23,2025,PFA
1650,3650,21,2025,PFA
1651,3651,17,2025,PFA
1652,3652,31,2025,PFA
1653,3653,3,2025,PFA
1654,3654,42,2025,PFA
1655,3655,51,2025,PFA
1656,3656,3,2025,PFA
1657,3657,36,2025,PFA
1658,3658,8,2025,PFA
1659,3659,17,2025,PFA
1660,3660,31,2025,PFA
1661,3661,4,2025,PFA
1662,3662,46,2025,PFA
1663,3663,4,2025,PFA
1664,3664,4,2025,PFA
1665,3665,44,2025,PFA
1666,3666,33,2025,PFA
1667,3667,17,2025,PFA
1668,3668,31,2025,PFA
1669,3669,4,2025,PFA
1670,3670,41,2025,PFA
1671,3671,17,2025,PFA
1672,3672,9,2025,PFA
1673,3673,23,2025,PFA
1674,3674,49,2025,PFA
1675,3675,32,2025,PFA
1676,3676,16,2025,PFA
1677,3677,31,2025,PFA
1678,3678,37,2025,PFA
1679,3679,18,2025,PFA
1680,3680,16,2025,PFA
1681,3681,23,2025,PFA
1682,3682,51,2025,PFA
1683,3683,28,2025,PFA
1684,3684,4,2025,PFA
1685,3685,35,2025,PFA
1686,3686,17,2025,PFA
1687,3687,16,2025,PFA
1688,3688,17,2025,PFA
1689,3689,33,2025,PFA
1690,3690,31,2025,PFA
1691,3691,17,2025,PFA
1692,3692,4,2025,PFA
1693,3693,46,2025,PFA
1694,3694,46,2025,PFA
1695,3695,31,2025,PFA
1696,3696,31,2025,PFA
1697,3697,17,2025,PFA
1698,3698,43,2025,PFA
1699,3699,1,2025,PFA
1700,3700,50,2025,PFA
1701,3701,7,2025,PFA
1702,3702,44,2025,PFA
1703,3703,6,2025,PFA
1704,3704,50,2025,PFA
1705,3705,7,2025,PFA
1706,3706,30,2025,PFA
1707,3707,31,2025,PFA
1708,3708,32,2025,PFA
1709,3709,33,2025,PFA
1710,3710,2,2025,PFA
1711,3711,2,2025,PFA
1712,3712,31,2025,PFA
1713,3713,17,2025,PFA
1714,3714,49,2025,PFA
1715,3715,48,2025,PFA
1716,3716,17,2025,PFA
1717,3717,26,2025,PFA
1718,3718,8,2025,PFA
1719,3719,1,2025,PFA
1720,3720,33,2025,PFA
1721,3721,19,2025,PFA
1722,3722,39,2025,PFA
1723,3723,11,2025,PFA
1724,3724,45,2025,PFA
1725,3725,4,2025,PFA
1726,3726,47,2025,PFA
1727,3727,17,2025,PFA
1728,3728,31,2025,PFA
1729,3729,14,2025,PFA
1730,3730,20,2025,PFA
1731,3731,37,2025,PFA
1732,3732,46,2025,PFA
1733,3733,13,2025,PFA
1734,3734,6,2025,PFA
1735,3735,47,2025,PFA
1736,3736,39,2025,PFA
1737,3737,31,2025,PFA
1738,3738,31,2025,PFA
1739,3739,17,2025,PFA
1740,3740,31,2025,PFA
1741,3741,31,2025,PFA
1742,3742,37,2025,PFA
1743,3743,33,2025,PFA
1744,3744,17,2025,PFA
1745,3745,4,2025,PFA
1746,3746,34,2025,PFA
1747,3747,41,2025,PFA
1748,3748,30,2025,PFA
1749,3749,21,2025,PFA
1750,3750,36,2025,PFA
1751,3751,43,2025,PFA
1752,3752,28,2025,PFA
1753,3753,31,2025,PFA
1754,3754,31,2025,PFA
1755,3755,28,2025,PFA
1756,3756,50,2025,PFA
1757,3757,25,2025,PFA
1758,3758,31,2025,PFA
1759,3759,14,2025,PFA
1760,3760,6,2025,PFA
1761,3761,26,2025,PFA
1762,3762,17,2025,PFA
1763,3763,4,2025,PFA
1764,3764,18,2025,PFA
1765,3765,43,2025,PFA
1766,3766,44,2025,PFA
1767,3767,31,2025,PFA
1768,3768,4,2025,PFA
1769,3769,18,2025,PFA
1770,3770,13,2025,PFA
1771,3771,44,2025,PFA
1772,3772,17,2025,PFA
1773,3773,37,2025,PFA
1774,3774,17,2025,PFA
1775,3775,2,2025,PFA
1776,3776,38,2025,PFA
1777,3777,14,2025,PFA
1778,3778,28,2025,PFA
1779,3779,17,2025,PFA
1780,3780,6,2025,PFA
1781,3781,23,2025,PFA
1782,3782,31,2025,PFA
1783,3783,34,2025,PFA
1784,3784,24,2025,PFA
1785,3785,4,2025,PFA
1786,3786,38,2025,PFA
1787,3787,17,2025,PFA
1788,3788,46,2025,PFA
1789,3789,33,2025,PFA
1790,3790,4,2025,PFA
1791,3791,34,2025,PFA
1792,3792,31,2025,PFA
1793,3793,39,2025,PFA
1794,3794,7,2025,PFA
1795,3795,24,2025,PFA
1796,3796,18,2025,PFA
1797,3797,17,2025,PFA
1798,3798,17,2025,PFA
1799,3799,23,2025,PFA
1800,3800,17,2025,PFA
1801,3801,4,2025,PFA
1802,3802,4,2025,PFA
1803,3803,44,2025,PFA
1804,3804,33,2025,PFA
1805,3805,27,2025,PFA
1806,3806,20,2025,PFA
1807,3807,17,2025,PFA
1808,3808,1,2025,PFA
1809,3809,4,2025,PFA
1810,3810,2,2025,PFA
1811,3811,44,2025,PFA
1812,3812,4,2025,PFA
1813,3813,4,2025,PFA
1814,3814,1,2025,PFA
1815,3815,8,2025,PFA
1816,3816,16,2025,PFA
1817,3817,31,2025,PFA
1818,3818,7,2025,PFA
1819,3819,27,2025,PFA
1820,3820,4,2025,PFA
1821,3821,47,2025,PFA
1822,3822,4,2025,PFA
1823,3823,1,2025,PFA
1824,3824,36,2025,PFA
1825,3825,4,2025,PFA
1826,3826,3,2025,PFA
1827,3827,4,2025,PFA
1828,3828,4,2025,PFA
1829,3829,43,2025,PFA
1830,3830,33,2025,PFA
1831,3831,11,2025,PFA
1832,3832,37,2025,PFA
1833,3833,50,2025,PFA
1834,3834,17,2025,PFA
1835,3835,46,2025,PFA
1836,3836,4,2025,PFA
1837,3837,12,2025,PFA
1838,3838,12,2025,PFA
1839,3839,10,2025,PFA
1840,3840,47,2025,PFA
1841,3841,4,2025,PFA
1842,3842,11,2025,PFA
1843,3843,26,2025,PFA
1844,3844,42,2025,PFA
1845,3845,33,2025,PFA
1846,3846,45,2025,PFA
1847,3847,27,2025,PFA
1848,3848,17,2025,PFA
1849,3849,8,2025,PFA
1850,3850,41,2025,PFA
1851,3851,31,2025,PFA
1852,3852,31,2025,PFA
1853,3853,18,2025,PFA
1854,3854,12,2025,PFA
1855,3855,31,2025,PFA
1856,3856,43,2025,PFA
1857,3857,31,2025,PFA
1858,3858,45,2025,PFA
1859,3859,23,2025,PFA
1860,3860,42,2025,PFA
1861,3861,12,2025,PFA
1862,3862,4,2025,PFA
1863,3863,39,2025,PFA
1864,3864,14,2025,PFA
1865,3865,17,2025,PFA
1866,3866,13,2025,PFA
1867,3867,17,2025,PFA
1868,3868,10,2025,PFA
1869,3869,25,2025,PFA
1870,3870,10,2025,PFA
1871,3871,2,2025,PFA
1872,3872,31,2025,PFA
1873,3873,27,2025,PFA
1874,3874,31,2025,PFA
1875,3875,46,2025,PFA
1876,3876,4,2025,PFA
1877,3877,16,2025,PFA
1878,3878,17,2025,PFA
1879,3879,4,2025,PFA
1880,3880,9,2025,PFA
1881,3881,17,2025,PFA
1882,3882,17,2025,PFA
1883,3883,32,2025,PFA
1884,3884,47,2025,PFA
1885,3885,4,2025,PFA
1886,3886,31,2025,PFA
1887,3887,17,2025,PFA
1888,3888,9,2025,PFA
1889,3889,10,2025,PFA
1890,3890,31,2025,PFA
1891,3891,42,2025,PFA
1892,3892,4,2025,PFA
1893,3893,10,2025,PFA
1894,3894,31,2025,PFA
1895,3895,46,2025,PFA
1896,3896,31,2025,PFA
1897,3897,41,2025,PFA
1898,3898,34,2025,PFA
1899,3899,4,2025,PFA
1900,3900,4,2025,PFA
1901,3901,15,2025,PFA
1902,3902,31,2025,PFA
1903,3903,45,2025,PFA
1904,3904,36,2025,PFA
1905,3905,21,2025,PFA
1906,3906,29,2025,PFA
1907,3907,31,2025,PFA
1908,3908,46,2025,PFA
1909,3909,4,2025,PFA
1910,3910,1,2025,PFA
1911,3911,10,2025,PFA
1912,3912,31,2025,PFA
1913,3913,31,2025,PFA
1914,3914,36,2025,PFA
1915,3915,18,2025,PFA
1916,3916,13,2025,PFA
1917,3917,32,2025,PFA
1918,3918,28,2025,PFA
1919,3919,33,2025,PFA
1920,3920,17,2025,PFA
1921,3921,4,2025,PFA
1922,3922,13,2025,PFA
1923,3923,15,2025,PFA
1924,3924,14,2025,PFA
1925,3925,29,2025,PFA
1926,3926,21,2025,PFA
1927,3927,39,2025,PFA
1928,3928,31,2025,PFA
1929,3929,45,2025,PFA
1930,3930,1,2025,PFA
1931,3931,4,2025,PFA
1932,3932,16,2025,PFA
1933,3933,41,2025,PFA
1934,3934,3,2025,PFA
1935,3935,31,2025,PFA
1936,3936,40,2025,PFA
1937,3937,35,2025,PFA
1938,3938,34,2025,PFA
1939,3939,31,2025,PFA
1940,3940,35,2025,PFA
1941,3941,19,2025,PFA
1942,3942,46,2025,PFA
1943,3943,45,2025,PFA
1944,3944,4,2025,PFA
1945,3945,4,2025,PFA
1946,3946,48,2025,PFA
1947,3947,17,2025,PFA
1948,3948,17,2025,PFA
1949,3949,36,2025,PFA
1950,3950,17,2025,PFA
1951,3951,31,2025,PFA
1952,3952,14,2025,PFA
1953,3953,27,2025,PFA
1954,3954,13,2025,PFA
1955,3955,17,2025,PFA
1956,3956,17,2025,PFA
1957,3957,17,2025,PFA
1958,3958,36,2025,PFA
1959,3959,17,2025,PFA
1960,3960,24,2025,PFA
1961,3961,31,2025,PFA
1962,3962,13,2025,PFA
1963,3963,32,2025,PFA
1964,3964,17,2025,PFA
1965,3965,17,2025,PFA
1966,3966,38,2025,PFA
1967,3967,17,2025,PFA
1968,3968,31,2025,PFA
1969,3969,31,2025,PFA
1970,3970,7,2025,PFA
1971,3971,22,2025,PFA
1972,3972,51,2025,PFA
1973,3973,22,2025,PFA
1974,3974,27,2025,PFA
1975,3975,3,2025,PFA
1976,3976,31,2025,PFA
1977,3977,4,2025,PFA
1978,3978,9,2025,PFA
1979,3979,31,2025,PFA
1980,3980,9,2025,PFA
1981,3981,9,2025,PFA
1982,3982,50,2025,PFA
1983,3983,12,2025,PFA
1984,3984,12,2025,PFA
1985,3985,7,2025,PFA
1986,3986,15,2025,PFA
1987,3987,16,2025,PFA
1988,3988,17,2025,PFA
1989,3989,31,2025,PFA
1990,3990,4,2025,PFA
1991,3991,31,2025,PFA
1992,3992,11,2025,PFA
1993,3993,4,2025,PFA
1994,3994,31,2025,PFA
1995,3995,5,2025,PFA
1996,3996,31,2025,PFA
1997,3997,44,2025,PFA
1998,3998,45,2025,PFA
1999,3999,17,2025,PFA
2000,4000,17,2025,PFA
2001,4001,17,2025,PFE
2002,4002,31,2025,PFE
2003,4003,44,2025,PFE
2004,4004,31,2025,PFE
2005,4005,45,2025,PFE
2006,4006,33,2025,PFE
2007,4007,12,2025,PFE
2008,4008,34,2025,PFE
2009,4009,29,2025,PFE
2010,4010,48,2025,PFE
2011,4011,4,2025,PFE
2012,4012,49,2025,PFE
2013,4013,4,2025,PFE
2014,4014,39,2025,PFE
2015,4015,39,2025,PFE
2016,4016,15,2025,PFE
2017,4017,22,2025,PFE
2018,4018,31,2025,PFE
2019,4019,18,2025,PFE
2020,4020,14,2025,PFE
2021,4021,2,2025,PFE
2022,4022,24,2025,PFE
2023,4023,29,2025,PFE
2024,4024,23,2025,PFE
2025,4025,9,2025,PFE
2026,4026,3,2025,PFE
2027,4027,2,2025,PFE
2028,4028,46,2025,PFE
2029,4029,31,2025,PFE
2030,4030,31,2025,PFE
2031,4031,33,2025,PFE
2032,4032,51,2025,PFE
2033,4033,40,2025,PFE
2034,4034,31,2025,PFE
2035,4035,20,2025,PFE
2036,4036,17,2025,PFE
2037,4037,37,2025,PFE
2038,4038,17,2025,PFE
2039,4039,13,2025,PFE
2040,4040,5,2025,PFE
2041,4041,42,2025,PFE
2042,4042,4,2025,PFE
2043,4043,28,2025,PFE
2044,4044,43,2025,PFE
2045,4045,4,2025,PFE
2046,4046,17,2025,PFE
2047,4047,30,2025,PFE
2048,4048,17,2025,PFE
2049,4049,43,2025,PFE
2050,4050,30,2025,PFE
2051,4051,4,2025,PFE
2052,4052,37,2025,PFE
2053,4053,17,2025,PFE
2054,4054,17,2025,PFE
2055,4055,51,2025,PFE
2056,4056,35,2025,PFE
2057,4057,1,2025,PFE
2058,4058,40,2025,PFE
2059,4059,17,2025,PFE
2060,4060,44,2025,PFE
2061,4061,4,2025,PFE
2062,4062,17,2025,PFE
2063,4063,17,2025,PFE
2064,4064,50,2025,PFE
2065,4065,31,2025,PFE
2066,4066,45,2025,PFE
2067,4067,8,2025,PFE
2068,4068,17,2025,PFE
2069,4069,6,2025,PFE
2070,4070,51,2025,PFE
2071,4071,4,2025,PFE
2072,4072,26,2025,PFE
2073,4073,30,2025,PFE
2074,4074,17,2025,PFE
2075,4075,3,2025,PFE
2076,4076,4,2025,PFE
2077,4077,31,2025,PFE
2078,4078,5,2025,PFE
2079,4079,16,2025,PFE
2080,4080,31,2025,PFE
2081,4081,20,2025,PFE
2082,4082,17,2025,PFE
2083,4083,33,2025,PFE
2084,4084,45,2025,PFE
2085,4085,28,2025,PFE
2086,4086,7,2025,PFE
2087,4087,17,2025,PFE
2088,4088,17,2025,PFE
2089,4089,4,2025,PFE
2090,4090,34,2025,PFE
2091,4091,17,2025,PFE
2092,4092,17,2025,PFE
2093,4093,46,2025,PFE
2094,4094,17,2025,PFE
2095,4095,17,2025,PFE
2096,4096,43,2025,PFE
2097,4097,4,2025,PFE
2098,4098,29,2025,PFE
2099,4099,25,2025,PFE
2100,4100,40,2025,PFE
2101,4101,34,2025,PFE
2102,4102,4,2025,PFE
2103,4103,31,2025,PFE
2104,4104,45,2025,PFE
2105,4105,34,2025,PFE
2106,4106,23,2025,PFE
2107,4107,23,2025,PFE
2108,4108,43,2025,PFE
2109,4109,20,2025,PFE
2110,4110,26,2025,PFE
2111,4111,45,2025,PFE
2112,4112,38,2025,PFE
2113,4113,17,2025,PFE
2114,4114,2,2025,PFE
2115,4115,17,2025,PFE
2116,4116,15,2025,PFE
2117,4117,44,2025,PFE
2118,4118,43,2025,PFE
2119,4119,7,2025,PFE
2120,4120,10,2025,PFE
2121,4121,44,2025,PFE
2122,4122,7,2025,PFE
2123,4123,49,2025,PFE
2124,4124,17,2025,PFE
2125,4125,4,2025,PFE
2126,4126,45,2025,PFE
2127,4127,49,2025,PFE
2128,4128,37,2025,PFE
2129,4129,22,2025,PFE
2130,4130,48,2025,PFE
2131,4131,4,2025,PFE
2132,4132,20,2025,PFE
2133,4133,18,2025,PFE
2134,4134,20,2025,PFE
2135,4135,18,2025,PFE
2136,4136,43,2025,PFE
2137,4137,3,2025,PFE
2138,4138,4,2025,PFE
2139,4139,4,2025,PFE
2140,4140,6,2025,PFE
2141,4141,4,2025,PFE
2142,4142,5,2025,PFE
2143,4143,34,2025,PFE
2144,4144,31,2025,PFE
2145,4145,4,2025,PFE
2146,4146,48,2025,PFE
2147,4147,8,2025,PFE
2148,4148,4,2025,PFE
2149,4149,18,2025,PFE
2150,4150,2,2025,PFE
2151,4151,46,2025,PFE
2152,4152,33,2025,PFE
2153,4153,27,2025,PFE
2154,4154,11,2025,PFE
2155,4155,25,2025,PFE
2156,4156,17,2025,PFE
2157,4157,42,2025,PFE
2158,4158,4,2025,PFE
2159,4159,29,2025,PFE
2160,4160,26,2025,PFE
2161,4161,4,2025,PFE
2162,4162,4,2025,PFE
2163,4163,4,2025,PFE
2164,4164,30,2025,PFE
2165,4165,37,2025,PFE
2166,4166,17,2025,PFE
2167,4167,22,2025,PFE
2168,4168,4,2025,PFE
2169,4169,23,2025,PFE
2170,4170,22,2025,PFE
2171,4171,4,2025,PFE
2172,4172,23,2025,PFE
2173,4173,25,2025,PFE
2174,4174,42,2025,PFE
2175,4175,50,2025,PFE
2176,4176,31,2025,PFE
2177,4177,17,2025,PFE
2178,4178,4,2025,PFE
2179,4179,18,2025,PFE
2180,4180,17,2025,PFE
2181,4181,31,2025,PFE
2182,4182,31,2025,PFE
2183,4183,49,2025,PFE
2184,4184,41,2025,PFE
2185,4185,17,2025,PFE
2186,4186,48,2025,PFE
2187,4187,5,2025,PFE
2188,4188,41,2025,PFE
2189,4189,41,2025,PFE
2190,4190,50,2025,PFE
2191,4191,2,2025,PFE
2192,4192,17,2025,PFE
2193,4193,14,2025,PFE
2194,4194,9,2025,PFE
2195,4195,4,2025,PFE
2196,4196,2,2025,PFE
2197,4197,19,2025,PFE
2198,4198,31,2025,PFE
2199,4199,36,2025,PFE
2200,4200,36,2025,PFE
2201,4201,32,2025,PFE
2202,4202,17,2025,PFE
2203,4203,31,2025,PFE
2204,4204,37,2025,PFE
2205,4205,49,2025,PFE
2206,4206,12,2025,PFE
2207,4207,11,2025,PFE
2208,4208,28,2025,PFE
2209,4209,21,2025,PFE
2210,4210,12,2025,PFE
2211,4211,30,2025,PFE
2212,4212,31,2025,PFE
2213,4213,39,2025,PFE
2214,4214,47,2025,PFE
2215,4215,37,2025,PFE
2216,4216,17,2025,PFE
2217,4217,17,2025,PFE
2218,4218,40,2025,PFE
2219,4219,3,2025,PFE
2220,4220,44,2025,PFE
2221,4221,42,2025,PFE
2222,4222,13,2025,PFE
2223,4223,38,2025,PFE
2224,4224,20,2025,PFE
2225,4225,4,2025,PFE
2226,4226,9,2025,PFE
2227,4227,24,2025,PFE
2228,4228,17,2025,PFE
2229,4229,48,2025,PFE
2230,4230,31,2025,PFE
2231,4231,17,2025,PFE
2232,4232,17,2025,PFE
2233,4233,8,2025,PFE
2234,4234,11,2025,PFE
2235,4235,13,2025,PFE
2236,4236,41,2025,PFE
2237,4237,3,2025,PFE
2238,4238,31,2025,PFE
2239,4239,16,2025,PFE
2240,4240,48,2025,PFE
2241,4241,11,2025,PFE
2242,4242,27,2025,PFE
2243,4243,17,2025,PFE
2244,4244,15,2025,PFE
2245,4245,17,2025,PFE
2246,4246,23,2025,PFE
2247,4247,31,2025,PFE
2248,4248,17,2025,PFE
2249,4249,12,2025,PFE
2250,4250,31,2025,PFE
2251,4251,39,2025,PFE
2252,4252,37,2025,PFE
2253,4253,43,2025,PFE
2254,4254,17,2025,PFE
2255,4255,4,2025,PFE
2256,4256,17,2025,PFE
2257,4257,18,2025,PFE
2258,4258,36,2025,PFE
2259,4259,31,2025,PFE
2260,4260,34,2025,PFE
2261,4261,48,2025,PFE
2262,4262,5,2025,PFE
2263,4263,1,2025,PFE
2264,4264,49,2025,PFE
2265,4265,39,2025,PFE
2266,4266,30,2025,PFE
2267,4267,21,2025,PFE
2268,4268,41,2025,PFE
2269,4269,19,2025,PFE
2270,4270,32,2025,PFE
2271,4271,10,2025,PFE
2272,4272,17,2025,PFE
2273,4273,32,2025,PFE
2274,4274,11,2025,PFE
2275,4275,17,2025,PFE
2276,4276,45,2025,PFE
2277,4277,19,2025,PFE
2278,4278,1,2025,PFE
2279,4279,4,2025,PFE
2280,4280,17,2025,PFE
2281,4281,46,2025,PFE
2282,4282,4,2025,PFE
2283,4283,19,2025,PFE
2284,4284,27,2025,PFE
2285,4285,9,2025,PFE
2286,4286,17,2025,PFE
2287,4287,30,2025,PFE
2288,4288,12,2025,PFE
2289,4289,43,2025,PFE
2290,4290,38,2025,PFE
2291,4291,32,2025,PFE
2292,4292,17,2025,PFE
2293,4293,38,2025,PFE
2294,4294,17,2025,PFE
2295,4295,31,2025,PFE
2296,4296,47,2025,PFE
2297,4297,28,2025,PFE
2298,4298,30,2025,PFE
2299,4299,17,2025,PFE
2300,4300,33,2025,PFE
2301,4301,44,2025,PFE
2302,4302,45,2025,PFE
2303,4303,51,2025,PFE
2304,4304,22,2025,PFE
2305,4305,25,2025,PFE
2306,4306,17,2025,PFE
2307,4307,31,2025,PFE
2308,4308,37,2025,PFE
2309,4309,27,2025,PFE
2310,4310,31,2025,PFE
2311,4311,24,2025,PFE
2312,4312,38,2025,PFE
2313,4313,15,2025,PFE
2314,4314,6,2025,PFE
2315,4315,9,2025,PFE
2316,4316,34,2025,PFE
2317,4317,17,2025,PFE
2318,4318,22,2025,PFE
2319,4319,13,2025,PFE
2320,4320,37,2025,PFE
2321,4321,31,2025,PFE
2322,4322,17,2025,PFE
2323,4323,4,2025,PFE
2324,4324,11,2025,PFE
2325,4325,7,2025,PFE
2326,4326,1,2025,PFE
2327,4327,1,2025,PFE
2328,4328,17,2025,PFE
2329,4329,11,2025,PFE
2330,4330,32,2025,PFE
2331,4331,21,2025,PFE
2332,4332,31,2025,PFE
2333,4333,42,2025,PFE
2334,4334,2,2025,PFE
2335,4335,41,2025,PFE
2336,4336,39,2025,PFE
2337,4337,5,2025,PFE
2338,4338,17,2025,PFE
2339,4339,25,2025,PFE
2340,4340,31,2025,PFE
2341,4341,17,2025,PFE
2342,4342,4,2025,PFE
2343,4343,18,2025,PFE
2344,4344,42,2025,PFE
2345,4345,18,2025,PFE
2346,4346,4,2025,PFE
2347,4347,35,2025,PFE
2348,4348,29,2025,PFE
2349,4349,35,2025,PFE
2350,4350,47,2025,PFE
2351,4351,49,2025,PFE
2352,4352,48,2025,PFE
2353,4353,16,2025,PFE
2354,4354,31,2025,PFE
2355,4355,5,2025,PFE
2356,4356,4,2025,PFE
2357,4357,30,2025,PFE
2358,4358,18,2025,PFE
2359,4359,26,2025,PFE
2360,4360,4,2025,PFE
2361,4361,17,2025,PFE
2362,4362,6,2025,PFE
2363,4363,5,2025,PFE
2364,4364,11,2025,PFE
2365,4365,17,2025,PFE
2366,4366,20,2025,PFE
2367,4367,41,2025,PFE
2368,4368,18,2025,PFE
2369,4369,32,2025,PFE
2370,4370,34,2025,PFE
2371,4371,31,2025,PFE
2372,4372,30,2025,PFE
2373,4373,17,2025,PFE
2374,4374,12,2025,PFE
2375,4375,49,2025,PFE
2376,4376,43,2025,PFE
2377,4377,39,2025,PFE
2378,4378,17,2025,PFE
2379,4379,36,2025,PFE
2380,4380,17,2025,PFE
2381,4381,31,2025,PFE
2382,4382,17,2025,PFE
2383,4383,22,2025,PFE
2384,4384,4,2025,PFE
2385,4385,17,2025,PFE
2386,4386,29,2025,PFE
2387,4387,38,2025,PFE
2388,4388,7,2025,PFE
2389,4389,17,2025,PFE
2390,4390,10,2025,PFE
2391,4391,45,2025,PFE
2392,4392,14,2025,PFE
2393,4393,49,2025,PFE
2394,4394,1,2025,PFE
2395,4395,17,2025,PFE
2396,4396,22,2025,PFE
2397,4397,4,2025,PFE
2398,4398,44,2025,PFE
2399,4399,4,2025,PFE
2400,4400,2,2025,PFE
2401,4401,17,2025,PFE
2402,4402,11,2025,PFE
2403,4403,41,2025,PFE
2404,4404,31,2025,PFE
2405,4405,17,2025,PFE
2406,4406,44,2025,PFE
2407,4407,33,2025,PFE
2408,4408,48,2025,PFE
2409,4409,9,2025,PFE
2410,4410,17,2025,PFE
2411,4411,9,2025,PFE
2412,4412,17,2025,PFE
2413,4413,21,2025,PFE
2414,4414,11,2025,PFE
2415,4415,26,2025,PFE
2416,4416,17,2025,PFE
2417,4417,12,2025,PFE
2418,4418,45,2025,PFE
2419,4419,33,2025,PFE
2420,4420,17,2025,PFE
2421,4421,30,2025,PFE
2422,4422,17,2025,PFE
2423,4423,5,2025,PFE
2424,4424,4,2025,PFE
2425,4425,16,2025,PFE
2426,4426,3,2025,PFE
2427,4427,31,2025,PFE
2428,4428,17,2025,PFE
2429,4429,17,2025,PFE
2430,4430,17,2025,PFE
2431,4431,15,2025,PFE
2432,4432,35,2025,PFE
2433,4433,38,2025,PFE
2434,4434,42,2025,PFE
2435,4435,33,2025,PFE
2436,4436,23,2025,PFE
2437,4437,37,2025,PFE
2438,4438,28,2025,PFE
2439,4439,4,2025,PFE
2440,4440,47,2025,PFE
2441,4441,31,2025,PFE
2442,4442,4,2025,PFE
2443,4443,17,2025,PFE
2444,4444,17,2025,PFE
2445,4445,5,2025,PFE
2446,4446,48,2025,PFE
2447,4447,31,2025,PFE
2448,4448,4,2025,PFE
2449,4449,17,2025,PFE
2450,4450,39,2025,PFE
2451,4451,21,2025,PFE
2452,4452,8,2025,PFE
2453,4453,39,2025,PFE
2454,4454,48,2025,PFE
2455,4455,10,2025,PFE
2456,4456,36,2025,PFE
2457,4457,9,2025,PFE
2458,4458,7,2025,PFE
2459,4459,34,2025,PFE
2460,4460,17,2025,PFE
2461,4461,4,2025,PFE
2462,4462,17,2025,PFE
2463,4463,17,2025,PFE
2464,4464,17,2025,PFE
2465,4465,30,2025,PFE
2466,4466,29,2025,PFE
2467,4467,17,2025,PFE
2468,4468,6,2025,PFE
2469,4469,44,2025,PFE
2470,4470,17,2025,PFE
2471,4471,31,2025,PFE
2472,4472,33,2025,PFE
2473,4473,17,2025,PFE
2474,4474,17,2025,PFE
2475,4475,18,2025,PFE
2476,4476,17,2025,PFE
2477,4477,4,2025,PFE
2478,4478,11,2025,PFE
2479,4479,41,2025,PFE
2480,4480,26,2025,PFE
2481,4481,30,2025,PFE
2482,4482,17,2025,PFE
2483,4483,43,2025,PFE
2484,4484,46,2025,PFE
2485,4485,42,2025,PFE
2486,4486,23,2025,PFE
2487,4487,31,2025,PFE
2488,4488,4,2025,PFE
2489,4489,34,2025,PFE
2490,4490,15,2025,PFE
2491,4491,18,2025,PFE
2492,4492,19,2025,PFE
2493,4493,37,2025,PFE
2494,4494,17,2025,PFE
2495,4495,4,2025,PFE
2496,4496,4,2025,PFE
2497,4497,7,2025,PFE
2498,4498,4,2025,PFE
2499,4499,4,2025,PFE
2500,4500,34,2025,PFE
2501,4501,42,2025,PFE
2502,4502,34,2025,PFE
2503,4503,17,2025,PFE
2504,4504,48,2025,PFE
2505,4505,11,2025,PFE
2506,4506,22,2025,PFE
2507,4507,37,2025,PFE
2508,4508,31,2025,PFE
2509,4509,17,2025,PFE
2510,4510,21,2025,PFE
2511,4511,11,2025,PFE
2512,4512,51,2025,PFE
2513,4513,9,2025,PFE
2514,4514,33,2025,PFE
2515,4515,10,2025,PFE
2516,4516,51,2025,PFE
2517,4517,23,2025,PFE
2518,4518,28,2025,PFE
2519,4519,30,2025,PFE
2520,4520,4,2025,PFE
2521,4521,31,2025,PFE
2522,4522,17,2025,PFE
2523,4523,8,2025,PFE
2524,4524,19,2025,PFE
2525,4525,4,2025,PFE
2526,4526,14,2025,PFE
2527,4527,20,2025,PFE
2528,4528,37,2025,PFE
2529,4529,21,2025,PFE
2530,4530,50,2025,PFE
2531,4531,36,2025,PFE
2532,4532,44,2025,PFE
2533,4533,4,2025,PFE
2534,4534,41,2025,PFE
2535,4535,48,2025,PFE
2536,4536,2,2025,PFE
2537,4537,7,2025,PFE
2538,4538,1,2025,PFE
2539,4539,42,2025,PFE
2540,4540,18,2025,PFE
2541,4541,18,2025,PFE
2542,4542,49,2025,PFE
2543,4543,17,2025,PFE
2544,4544,31,2025,PFE
2545,4545,2,2025,PFE
2546,4546,44,2025,PFE
2547,4547,49,2025,PFE
2548,4548,31,2025,PFE
2549,4549,1,2025,PFE
2550,4550,7,2025,PFE
2551,4551,48,2025,PFE
2552,4552,17,2025,PFE
2553,4553,10,2025,PFE
2554,4554,18,2025,PFE
2555,4555,31,2025,PFE
2556,4556,17,2025,PFE
2557,4557,23,2025,PFE
2558,4558,22,2025,PFE
2559,4559,21,2025,PFE
2560,4560,5,2025,PFE
2561,4561,31,2025,PFE
2562,4562,17,2025,PFE
2563,4563,16,2025,PFE
2564,4564,47,2025,PFE
2565,4565,4,2025,PFE
2566,4566,31,2025,PFE
2567,4567,31,2025,PFE
2568,4568,17,2025,PFE
2569,4569,4,2025,PFE
2570,4570,24,2025,PFE
2571,4571,43,2025,PFE
2572,4572,38,2025,PFE
2573,4573,26,2025,PFE
2574,4574,14,2025,PFE
2575,4575,21,2025,PFE
2576,4576,17,2025,PFE
2577,4577,20,2025,PFE
2578,4578,17,2025,PFE
2579,4579,18,2025,PFE
2580,4580,36,2025,PFE
2581,4581,48,2025,PFE
2582,4582,48,2025,PFE
2583,4583,43,2025,PFE
2584,4584,42,2025,PFE
2585,4585,17,2025,PFE
2586,4586,51,2025,PFE
2587,4587,4,2025,PFE
2588,4588,33,2025,PFE
2589,4589,17,2025,PFE
2590,4590,47,2025,PFE
2591,4591,20,2025,PFE
2592,4592,31,2025,PFE
2593,4593,17,2025,PFE
2594,4594,7,2025,PFE
2595,4595,4,2025,PFE
2596,4596,46,2025,PFE
2597,4597,12,2025,PFE
2598,4598,47,2025,PFE
2599,4599,47,2025,PFE
2600,4600,47,2025,PFE
2601,4601,11,2025,PFE
2602,4602,4,2025,PFE
2603,4603,36,2025,PFE
2604,4604,17,2025,PFE
2605,4605,36,2025,PFE
2606,4606,36,2025,PFE
2607,4607,18,2025,PFE
2608,4608,48,2025,PFE
2609,4609,5,2025,PFE
2610,4610,31,2025,PFE
2611,4611,15,2025,PFE
2612,4612,31,2025,PFE
2613,4613,3,2025,PFE
2614,4614,51,2025,PFE
2615,4615,50,2025,PFE
2616,4616,31,2025,PFE
2617,4617,31,2025,PFE
2618,4618,5,2025,PFE
2619,4619,19,2025,PFE
2620,4620,38,2025,PFE
2621,4621,13,2025,PFE
2622,4622,4,2025,PFE
2623,4623,11,2025,PFE
2624,4624,4,2025,PFE
2625,4625,34,2025,PFE
2626,4626,4,2025,PFE
2627,4627,17,2025,PFE
2628,4628,7,2025,PFE
2629,4629,47,2025,PFE
2630,4630,17,2025,PFE
2631,4631,24,2025,PFE
2632,4632,36,2025,PFE
2633,4633,4,2025,PFE
2634,4634,9,2025,PFE
2635,4635,17,2025,PFE
2636,4636,47,2025,PFE
2637,4637,51,2025,PFE
2638,4638,4,2025,PFE
2639,4639,31,2025,PFE
2640,4640,35,2025,PFE
2641,4641,37,2025,PFE
2642,4642,4,2025,PFE
2643,4643,17,2025,PFE
2644,4644,17,2025,PFE
2645,4645,17,2025,PFE
2646,4646,23,2025,PFE
2647,4647,6,2025,PFE
2648,4648,51,2025,PFE
2649,4649,4,2025,PFE
2650,4650,23,2025,PFE
2651,4651,45,2025,PFE
2652,4652,17,2025,PFE
2653,4653,16,2025,PFE
2654,4654,27,2025,PFE
2655,4655,17,2025,PFE
2656,4656,21,2025,PFE
2657,4657,41,2025,PFE
2658,4658,17,2025,PFE
2659,4659,4,2025,PFE
2660,4660,17,2025,PFE
2661,4661,19,2025,PFE
2662,4662,17,2025,PFE
2663,4663,13,2025,PFE
2664,4664,49,2025,PFE
2665,4665,17,2025,PFE
2666,4666,4,2025,PFE
2667,4667,17,2025,PFE
2668,4668,4,2025,PFE
2669,4669,4,2025,PFE
2670,4670,28,2025,PFE
2671,4671,17,2025,PFE
2672,4672,28,2025,PFE
2673,4673,17,2025,PFE
2674,4674,36,2025,PFE
2675,4675,41,2025,PFE
2676,4676,31,2025,PFE
2677,4677,34,2025,PFE
2678,4678,17,2025,PFE
2679,4679,50,2025,PFE
2680,4680,50,2025,PFE
2681,4681,6,2025,PFE
2682,4682,17,2025,PFE
2683,4683,24,2025,PFE
2684,4684,48,2025,PFE
2685,4685,25,2025,PFE
2686,4686,31,2025,PFE
2687,4687,31,2025,PFE
2688,4688,4,2025,PFE
2689,4689,19,2025,PFE
2690,4690,4,2025,PFE
2691,4691,30,2025,PFE
2692,4692,18,2025,PFE
2693,4693,35,2025,PFE
2694,4694,3,2025,PFE
2695,4695,26,2025,PFE
2696,4696,19,2025,PFE
2697,4697,51,2025,PFE
2698,4698,22,2025,PFE
2699,4699,32,2025,PFE
2700,4700,5,2025,PFE
2701,4701,31,2025,PFE
2702,4702,27,2025,PFE
2703,4703,31,2025,PFE
2704,4704,31,2025,PFE
2705,4705,38,2025,PFE
2706,4706,45,2025,PFE
2707,4707,38,2025,PFE
2708,4708,31,2025,PFE
2709,4709,1,2025,PFE
2710,4710,2,2025,PFE
2711,4711,9,2025,PFE
2712,4712,32,2025,PFE
2713,4713,17,2025,PFE
2714,4714,4,2025,PFE
2715,4715,7,2025,PFE
2716,4716,31,2025,PFE
2717,4717,32,2025,PFE
2718,4718,4,2025,PFE
2719,4719,18,2025,PFE
2720,4720,3,2025,PFE
2721,4721,17,2025,PFE
2722,4722,7,2025,PFE
2723,4723,33,2025,PFE
2724,4724,13,2025,PFE
2725,4725,24,2025,PFE
2726,4726,17,2025,PFE
2727,4727,25,2025,PFE
2728,4728,33,2025,PFE
2729,4729,6,2025,PFE
2730,4730,47,2025,PFE
2731,4731,17,2025,PFE
2732,4732,8,2025,PFE
2733,4733,17,2025,PFE
2734,4734,30,2025,PFE
2735,4735,34,2025,PFE
2736,4736,34,2025,PFE
2737,4737,23,2025,PFE
2738,4738,17,2025,PFE
2739,4739,4,2025,PFE
2740,4740,4,2025,PFE
2741,4741,3,2025,PFE
2742,4742,41,2025,PFE
2743,4743,50,2025,PFE
2744,4744,12,2025,PFE
2745,4745,25,2025,PFE
2746,4746,31,2025,PFE
2747,4747,50,2025,PFE
2748,4748,4,2025,PFE
2749,4749,29,2025,PFE
2750,4750,4,2025,PFE
2751,4751,31,2025,PFE
2752,4752,45,2025,PFE
2753,4753,19,2025,PFE
2754,4754,24,2025,PFE
2755,4755,14,2025,PFE
2756,4756,50,2025,PFE
2757,4757,4,2025,PFE
2758,4758,17,2025,PFE
2759,4759,48,2025,PFE
2760,4760,45,2025,PFE
2761,4761,13,2025,PFE
2762,4762,31,2025,PFE
2763,4763,7,2025,PFE
2764,4764,4,2025,PFE
2765,4765,17,2025,PFE
2766,4766,4,2025,PFE
2767,4767,11,2025,PFE
2768,4768,50,2025,PFE
2769,4769,6,2025,PFE
2770,4770,48,2025,PFE
2771,4771,17,2025,PFE
2772,4772,6,2025,PFE
2773,4773,4,2025,PFE
2774,4774,17,2025,PFE
2775,4775,9,2025,PFE
2776,4776,24,2025,PFE
2777,4777,42,2025,PFE
2778,4778,31,2025,PFE
2779,4779,19,2025,PFE
2780,4780,30,2025,PFE
2781,4781,17,2025,PFE
2782,4782,17,2025,PFE
2783,4783,9,2025,PFE
2784,4784,32,2025,PFE
2785,4785,51,2025,PFE
2786,4786,31,2025,PFE
2787,4787,4,2025,PFE
2788,4788,9,2025,PFE
2789,4789,44,2025,PFE
2790,4790,10,2025,PFE
2791,4791,17,2025,PFE
2792,4792,17,2025,PFE
2793,4793,17,2025,PFE
2794,4794,2,2025,PFE
2795,4795,11,2025,PFE
2796,4796,35,2025,PFE
2797,4797,8,2025,PFE
2798,4798,31,2025,PFE
2799,4799,17,2025,PFE
2800,4800,43,2025,PFE
2801,4801,31,2025,PFE
2802,4802,17,2025,PFE
2803,4803,31,2025,PFE
2804,4804,6,2025,PFE
2805,4805,17,2025,PFE
2806,4806,31,2025,PFE
2807,4807,12,2025,PFE
2808,4808,29,2025,PFE
2809,4809,18,2025,PFE
2810,4810,17,2025,PFE
2811,4811,31,2025,PFE
2812,4812,17,2025,PFE
2813,4813,36,2025,PFE
2814,4814,16,2025,PFE
2815,4815,31,2025,PFE
2816,4816,31,2025,PFE
2817,4817,1,2025,PFE
2818,4818,17,2025,PFE
2819,4819,23,2025,PFE
2820,4820,8,2025,PFE
2821,4821,29,2025,PFE
2822,4822,31,2025,PFE
2823,4823,48,2025,PFE
2824,4824,28,2025,PFE
2825,4825,36,2025,PFE
2826,4826,39,2025,PFE
2827,4827,4,2025,PFE
2828,4828,30,2025,PFE
2829,4829,3,2025,PFE
2830,4830,4,2025,PFE
2831,4831,4,2025,PFE
2832,4832,33,2025,PFE
2833,4833,26,2025,PFE
2834,4834,43,2025,PFE
2835,4835,43,2025,PFE
2836,4836,21,2025,PFE
2837,4837,11,2025,PFE
2838,4838,49,2025,PFE
2839,4839,17,2025,PFE
2840,4840,28,2025,PFE
2841,4841,5,2025,PFE
2842,4842,4,2025,PFE
2843,4843,47,2025,PFE
2844,4844,16,2025,PFE
2845,4845,22,2025,PFE
2846,4846,29,2025,PFE
2847,4847,21,2025,PFE
2848,4848,39,2025,PFE
2849,4849,17,2025,PFE
2850,4850,17,2025,PFE
2851,4851,47,2025,PFE
2852,4852,7,2025,PFE
2853,4853,19,2025,PFE
2854,4854,49,2025,PFE
2855,4855,42,2025,PFE
2856,4856,19,2025,PFE
2857,4857,48,2025,PFE
2858,4858,15,2025,PFE
2859,4859,3,2025,PFE
2860,4860,31,2025,PFE
2861,4861,17,2025,PFE
2862,4862,17,2025,PFE
2863,4863,17,2025,PFE
2864,4864,2,2025,PFE
2865,4865,4,2025,PFE
2866,4866,16,2025,PFE
2867,4867,31,2025,PFE
2868,4868,4,2025,PFE
2869,4869,4,2025,PFE
2870,4870,20,2025,PFE
2871,4871,31,2025,PFE
2872,4872,19,2025,PFE
2873,4873,44,2025,PFE
2874,4874,4,2025,PFE
2875,4875,29,2025,PFE
2876,4876,31,2025,PFE
2877,4877,14,2025,PFE
2878,4878,26,2025,PFE
2879,4879,30,2025,PFE
2880,4880,34,2025,PFE
2881,4881,3,2025,PFE
2882,4882,27,2025,PFE
2883,4883,48,2025,PFE
2884,4884,3,2025,PFE
2885,4885,15,2025,PFE
2886,4886,39,2025,PFE
2887,4887,51,2025,PFE
2888,4888,21,2025,PFE
2889,4889,16,2025,PFE
2890,4890,24,2025,PFE
2891,4891,37,2025,PFE
2892,4892,43,2025,PFE
2893,4893,42,2025,PFE
2894,4894,14,2025,PFE
2895,4895,43,2025,PFE
2896,4896,47,2025,PFE
2897,4897,29,2025,PFE
2898,4898,17,2025,PFE
2899,4899,17,2025,PFE
2900,4900,51,2025,PFE
2901,4901,41,2025,PFE
2902,4902,5,2025,PFE
2903,4903,17,2025,PFE
2904,4904,45,2025,PFE
2905,4905,4,2025,PFE
2906,4906,17,2025,PFE
2907,4907,43,2025,PFE
2908,4908,17,2025,PFE
2909,4909,51,2025,PFE
2910,4910,6,2025,PFE
2911,4911,33,2025,PFE
2912,4912,17,2025,PFE
2913,4913,32,2025,PFE
2914,4914,17,2025,PFE
2915,4915,17,2025,PFE
2916,4916,32,2025,PFE
2917,4917,28,2025,PFE
2918,4918,48,2025,PFE
2919,4919,17,2025,PFE
2920,4920,11,2025,PFE
2921,4921,24,2025,PFE
2922,4922,41,2025,PFE
2923,4923,15,2025,PFE
2924,4924,17,2025,PFE
2925,4925,4,2025,PFE
2926,4926,31,2025,PFE
2927,4927,4,2025,PFE
2928,4928,34,2025,PFE
2929,4929,9,2025,PFE
2930,4930,40,2025,PFE
2931,4931,32,2025,PFE
2932,4932,25,2025,PFE
2933,4933,27,2025,PFE
2934,4934,31,2025,PFE
2935,4935,17,2025,PFE
2936,4936,28,2025,PFE
2937,4937,4,2025,PFE
2938,4938,20,2025,PFE
2939,4939,4,2025,PFE
2940,4940,18,2025,PFE
2941,4941,7,2025,PFE
2942,4942,17,2025,PFE
2943,4943,51,2025,PFE
2944,4944,17,2025,PFE
2945,4945,31,2025,PFE
2946,4946,17,2025,PFE
2947,4947,51,2025,PFE
2948,4948,9,2025,PFE
2949,4949,38,2025,PFE
2950,4950,14,2025,PFE
2951,4951,28,2025,PFE
2952,4952,30,2025,PFE
2953,4953,25,2025,PFE
2954,4954,31,2025,PFE
2955,4955,4,2025,PFE
2956,4956,17,2025,PFE
2957,4957,22,2025,PFE
2958,4958,5,2025,PFE
2959,4959,31,2025,PFE
2960,4960,33,2025,PFE
2961,4961,17,2025,PFE
2962,4962,27,2025,PFE
2963,4963,4,2025,PFE
2964,4964,7,2025,PFE
2965,4965,17,2025,PFE
2966,4966,31,2025,PFE
2967,4967,18,2025,PFE
2968,4968,43,2025,PFE
2969,4969,37,2025,PFE
2970,4970,22,2025,PFE
2971,4971,17,2025,PFE
2972,4972,14,2025,PFE
2973,4973,34,2025,PFE
2974,4974,45,2025,PFE
2975,4975,17,2025,PFE
2976,4976,18,2025,PFE
2977,4977,20,2025,PFE
2978,4978,9,2025,PFE
2979,4979,31,2025,PFE
2980,4980,29,2025,PFE
2981,4981,49,2025,PFE
2982,4982,34,2025,PFE
2983,4983,31,2025,PFE
2984,4984,17,2025,PFE
2985,4985,32,2025,PFE
2986,4986,42,2025,PFE
2987,4987,18,2025,PFE
2988,4988,17,2025,PFE
2989,4989,17,2025,PFE
2990,4990,36,2025,PFE
2991,4991,14,2025,PFE
2992,4992,16,2025,PFE
2993,4993,39,2025,PFE
2994,4994,6,2025,PFE
2995,4995,44,2025,PFE
2996,4996,17,2025,PFE
2997,4997,50,2025,PFE
2998,4998,41,2025,PFE
2999,4999,38,2025,PFE
3000,5000,15,2025,PFE
